Identificador	Nome	Nome da Mae	Nascimento	Sexo	CPF
ID_000000001	JANEFER ISANARA REZENDE FOGACA ALMEIDA	LAIANA PIMENTA REZENDE	06-04-1983	F	166.534.539-01
ID_000000002	GIRCELIA LUZIDETE DOS REIS MOREIRA GOMES	RUSLANA GOULART DOS REIS	23-09-1945	F	933.693.651-46
ID_000000003	OSWANDO AGOSTINHO DA ROSA VEIGA	JUSANE SOUSA DORNELES DA ROSA	13-08-1931	M	720.097.058-15
ID_000000004	DOMICINA GUTERRES	QUELI BARROS GUTERRES	16-06-1922	F	047.363.684-03
ID_000000005	EDEMICIO ANDRADE RAMOS ARAGAO	RAISLANIA EVANGELISTA QUARTEIRA RAMOS	18-11-2007	M	516.294.057-79
ID_000000006	CLAUDELINA QUEIROZ OLIVEIRA	TARCIA COUTINHO TEIXEIRA QUEIROZ	26-08-2013	F	558.353.459-17
ID_000000007	ADEODATA FOGACA MENDES	SURLI RAMOS BITTENCOURT FOGACA	07-03-1996	F	378.242.887-06
ID_000000008	VALCIELE GIL VILELA PEREIRA	MAILDE SAMPAIO JAQUES VILELA	22-10-1976	M	115.110.334-95
ID_000000009	ADENILCE SILVA	MUCIA SOUSA SILVA	15-10-1918	F	875.240.084-06
ID_000000010	MARIBEL XIMENES ANTUNES	COSMIRIA SALGADO DA PAZ XIMENES	19-02-1954	M	175.206.363-56
ID_000000011	RODNER NOBREGA CAVALCANTI PARAISO	IRANETE DA ROCHA BOAVENTURA CAVALCANTI	09-02-1914	M	121.646.672-63
ID_000000012	QUERLANE ALBUQUERQUE EVANGELISTA	OLINDRINA ARAUJO RIBEIRO ALBUQUERQUE	05-04-1963	F	992.775.907-00
ID_000000013	EVIRLENE SALAZAR	DELITA CARVALHO SALAZAR	28-12-1920	F	457.961.945-50
ID_000000014	ADISON VELOSO LOPES	IDALEIA SILVA XIMENES VELOSO	15-01-2012	M	003.063.403-21
ID_000000015	JANDIRLEI ESCOBAR DIAS	ROSANITA SILVA CARVALHO ESCOBAR	18-02-1998	M	804.340.199-33
ID_000000016	MARILINE DRUMOND	ALDAIANE IBRAHIM DRUMOND	20-03-1999	F	268.675.188-69
ID_000000017	AMILDE TAISLAINE GUTERRES PEREIRA GOIS	EDVANDRA QUEIROZ GUTERRES	23-03-1915	F	582.537.606-20
ID_000000018	EDIOMARIO MERCILANE FLORES OLIVEIRA SILVA	ANGELUCE LACERDA FLORES	04-09-1925	M	795.765.494-00
ID_000000019	UBALDINA EFER JAQUES DOS REIS RAMIRES	RAESSA PILAR JAQUES	28-10-1937	F	502.876.476-09
ID_000000020	JAMILIE AGOSTINHO	JOSISLENE MENDES AGOSTINHO	13-02-1939	M	618.398.064-19
ID_000000021	VALDEA ANDRADE ALENCASTRO JAQUES	RONISCLEIA BONFIM LEIRIA ALENCASTRO	27-09-2006	F	168.192.344-06
ID_000000022	VERENILCE REGILENO FLORES FIGUEIROA TAVEIRA	IUMA SANTANA FLORES	04-01-1934	F	570.429.319-04
ID_000000023	ZILA APARICIO AGUIAR	JUMELICE NOVAIS CURADO APARICIO	06-04-1914	F	992.307.391-20
ID_000000024	IRLANILSON AZAMBUJA	VALDIRENI PIRES AZAMBUJA	26-09-1981	M	868.448.353-70
ID_000000025	LENDINALVA EGLI ESTEVES SOUSA MESQUITA	SUZETE BARROS ESTEVES	16-04-1968	F	709.162.727-02
ID_000000026	ADEMILDA JUPIRA TORRES TEIXEIRA MONTEIRO	FARAIDES PINHEIRO TORRES	03-09-1995	F	316.438.667-29
ID_000000027	JODELMA ALDROVANDO SOUSA MELO IBRAHIM	SAURIA RAMIRES SOUSA	17-08-1999	F	812.802.504-02
ID_000000028	GARRONE ROCHA BARROS DIAS	VANILA ESTEVES CARDOSO BARROS	15-10-1988	M	988.872.229-83
ID_000000029	WELICK CAMACHO	DONILDE DIAS CAMACHO	25-04-1954	M	626.928.321-32
ID_000000030	MARINELSO ALEGRIA QUARTEIRA FERNANDES	ERIANE NEVES CURADO QUARTEIRA	12-06-1964	M	177.071.186-42
ID_000000031	PIERRE ENON ZAGALO BRITO DA CONCEICAO	CARLINEIDE SILVA ZAGALO	28-07-1960	M	454.232.897-00
ID_000000032	LEONDIDAS LUCIELMO NOBREGA CASTRO DA COSTA	RILVANDA RIBEIRO NOBREGA	17-02-1985	M	418.550.722-46
ID_000000033	GLEDSON MARINHO ASSUNCAO	ERICLEIDE RIBEIRO SILVA MARINHO	05-03-1927	M	398.473.407-73
ID_000000034	CRISTOVANIA FARLEN DAVILA SIQUEIRA DA COSTA	LEIDICLEIA DA ROCHA DAVILA	09-10-1904	F	609.003.835-00
ID_000000035	PILADE EGLAIR HIPOLITO VIEIRA GONCALVES	ALIADINE DA COSTA HIPOLITO	15-03-2006	M	414.079.618-96
ID_000000036	RAZIELE CHRISTOPH FOGACA ALVIM MALDONADO	IARI SALES FOGACA	02-02-1900	F	696.692.476-83
ID_000000037	DEMARIS LUCINELMA FARIAS DAMASIO DOMINGUES	GERANI DA LUZ FARIAS	07-01-1987	F	878.621.039-47
ID_000000038	XIMENIA VARGAS	DEJALMIRA BOAVENTURA VARGAS	07-12-2012	F	158.342.887-90
ID_000000039	ODALICIA SILVA VARELA	REUNILDA LOPES MORAES SILVA	04-08-1961	F	245.209.942-25
ID_000000040	SAUL CORDOBA SOUZA	KIUVIA RAMOS MARTINS CORDOBA	05-10-1911	F	278.594.901-37
ID_000000041	RUSINEI VILELA VIEIRA RIBEIRO	TASSIMARA ALENCASTRO COSTA VIEIRA	14-06-1972	M	542.358.155-98
ID_000000042	ANGELLICA CORTE REAL	MAILDE SANCHES CORTE REAL	23-10-1984	F	395.876.844-00
ID_000000043	JUSIRENE BELCHIOR	GERNANDA SOUZA BELCHIOR	27-05-1984	F	507.948.226-57
ID_000000044	SINEZA BONFIM	WUENDY SILVA BONFIM	04-04-1954	F	996.277.551-50
ID_000000045	ALZIRINA DOMINGUES SILVA	KEMILLE SILVA FELIX DOMINGUES	07-09-1960	F	732.756.211-73
ID_000000046	AGUINES SIDELMO ALVES MOREIRA PINHEIRO	GEORJA GUEDES ALVES	06-12-1983	F	467.808.041-42
ID_000000047	POSSIDIO DA CONCEICAO SALGUEIRO	MARGARETTE SOUSA PADILHA DA CONCEICAO	02-01-1948	M	396.245.909-07
ID_000000048	NEIDE BERNARDES CURADO	FROZINA AGOSTINHO REZENDE BERNARDES	09-10-1988	F	698.402.498-60
ID_000000049	TIMOTIO SANTOS	DEUMARA GOMES SANTOS	06-11-2008	M	251.960.856-02
ID_000000050	MARDON IBRAHIM BRITES GUIMARAES	WEMILLE FELIX FOGACA BRITES	14-09-1952	M	049.715.004-21
ID_000000051	NEVITA SOUSA	AMNE BAPTISTA SOUSA	16-07-2005	F	787.999.649-45
ID_000000052	EDICLEUSA LANCASTRE COUTINHO JORDAO	RARIENE GASPAR SILVA COUTINHO	12-01-1905	F	142.888.508-00
ID_000000053	SATURNINO RAMOS CAVALCANTE ASSIS	SANDRIENE GOIS REBELO CAVALCANTE	11-10-1991	M	311.799.318-58
ID_000000054	RENADJA MENEZES	TONICA TAVEIRA MENEZES	01-03-2012	F	572.487.701-59
ID_000000055	YOHANI GONCALVES GOIS	ARIOVALDA CASTRO DORNELES GONCALVES	08-08-1926	F	270.712.796-59
ID_000000056	GIUCELIA FURTUNATO GERALDES RAMOS LESSA	OSAMA GOULART GERALDES	06-09-1966	F	430.546.118-84
ID_000000057	EDESIO XAVIER VASQUES	JACIKELE FLORES SILVEIRA XAVIER	16-03-1904	M	487.121.339-06
ID_000000058	EDJANI DEMETRE GOULART MAGALHAES MARTINS	IRONETE JORDAO GOULART	27-09-1906	F	517.025.764-34
ID_000000059	ARABELLA APOLINARIO GOIS	SARAFINA BARROS DRUMOND APOLINARIO	25-08-1918	F	463.711.939-10
ID_000000060	MARISNEIDE XAVIER SILVA	GRACIOSA SOUSA MOREIRA XAVIER	05-07-1931	F	785.860.785-57
ID_000000061	GENERI BELCHIOR FRUTUOSO	ROBEVANIA BRITES PACHECO BELCHIOR	15-02-1958	M	901.273.896-28
ID_000000062	LAUDECI VANILDE TAVARES HIPOLITO MARTINS	IVANORA ALMEIDA TAVARES	24-10-1906	F	156.315.615-65
ID_000000063	TARLISON NEVES	FRANCILEIDA SILVA NEVES	21-01-2012	M	932.542.307-36
ID_000000064	MIGUELITO SALES TAVARES RAMOS	EMINE DA MOTA SOUSA TAVARES	07-10-1991	M	552.663.841-31
ID_000000065	SIDNALVA PEIXOTO RESENDE	ARGELINA ASSIS MACHADO PEIXOTO	11-08-1981	F	794.398.591-56
ID_000000066	IVANIS CARVALHO DA LUZ ANTUNES	RIQUELMA BRITO SILVA DA LUZ	18-09-1928	F	347.694.102-71
ID_000000067	ALVANILDA AZELI PEIXOTO BONFIM SANTANA	ITAILANE ZAGALO PEIXOTO	20-02-1908	F	739.217.056-22
ID_000000068	ORILA ALEGRIA DA COSTA	MAJARA DA PAZ SOUZA ALEGRIA	10-09-1933	F	170.084.756-24
ID_000000069	IRENEU CARDOSO	ROSENDA DINIS CARDOSO	13-04-2011	M	432.908.691-30
ID_000000070	CELIDALVA ALMIZA AGUIAR ZAGALO RAMOS	TATE SOUZA AGUIAR	04-10-1947	F	887.666.412-25
ID_000000071	WALMIRA JUCIARIA PEREIRA NUNES ARAUJO	SOMALIA GENTIL PEREIRA	28-04-2018	F	924.685.530-20
ID_000000072	IRANILZA JESUSA VIDAL MENDES IBRAHIM	ELISOMARA CURADO VIDAL	07-11-1956	F	792.889.509-90
ID_000000073	ROSSANA SILVA	CLEUVANI APOLINARIO SILVA	17-01-1997	F	495.962.247-43
ID_000000074	SAMARIS ZAGALO DA MOTA	ANAMARI SILVA QUARTEIRA ZAGALO	25-09-1974	F	462.839.499-75
ID_000000075	GLAUBESON BAPTISTA SILVA	SIDONI TELES GOMES BAPTISTA	24-07-2017	M	434.689.180-20
ID_000000076	KAIANA DA MOTA GUIMARAES CASTRO	MARTONIA AVILA DA PAZ GUIMARAES	10-01-1905	F	685.823.144-77
ID_000000077	ETIELLE SILVA CAVALCANTI	LETISIA VIEIRA MAGALHAES SILVA	24-07-1965	F	727.299.975-63
ID_000000078	PATRICI BARRETO	FRANCISLEIDE MOREIRA BARRETO	18-02-1906	F	396.055.757-44
ID_000000079	ARISTOMIL SOUZA MACHADO CASTRO	VALDETI BONFIM NOVAIS MACHADO	28-06-1930	M	922.949.562-06
ID_000000080	EUCLECIA SOUZA PEREIRA	CLEOMAIR SOARES SILVA SOUZA	27-11-1989	F	356.450.616-08
ID_000000081	IVACILDA ENIDIA PARAISO DAVILA DA ROSA	EDNAJARA SILVA PARAISO	10-01-1966	F	716.502.270-86
ID_000000082	ONILDA ANTUNES RODRIGUES CORTE REAL	SIUMARIA ALENCASTRO SOUZA RODRIGUES	06-05-1920	F	466.111.526-01
ID_000000083	GARIBALDE ARCENI ALEGRIA AGOSTINHO MENEZES	MERILIN FURTADO ALEGRIA	05-05-1971	M	764.083.226-89
ID_000000084	ISTANISLAU MIDORE ANDRADE BONFIM NEVES	JORCIENE SALGUEIRO ANDRADE	13-11-1960	M	833.992.605-55
ID_000000085	CRISA FERNANDES FERNANDES	ELIZANILDA MOURA DA MATA FERNANDES	03-02-1990	F	421.502.629-67
ID_000000086	DIORAMA FIGUEIREDO MESQUITA	NARAIANA OLIVEIRA ALVES FIGUEIREDO	19-11-1920	F	116.814.515-57
ID_000000087	SHIMENY IVELAINE MENDES SALES CONCEICAO	MAITTE BERNARDES MENDES	08-08-1945	F	635.789.069-30
ID_000000088	VILANICE IVARLENE RODRIGUES GONCALVES FARIAS	EVENIA SOUZA RODRIGUES	15-01-1936	F	149.540.000-09
ID_000000089	GREGORINA MARQUENES LANCASTRE BARBOSA OLIVEIRA	GEONARA MOURA LANCASTRE	02-08-2006	F	346.506.238-80
ID_000000090	DIORLAN MARBIA SOUZA FURTADO PADILHA	RICACIA MORAES SOUZA	14-04-1957	M	306.977.979-45
ID_000000091	GERLUCE LENES MENDES GENTIL AVILA	LEAMARA CONCEICAO MENDES	08-11-1965	F	628.271.703-53
ID_000000092	WEBISTON VIEIRA MOREIRA	ELZANE GONZAGA SOUSA VIEIRA	26-06-1955	M	608.493.142-16
ID_000000093	IRATELMA OLIVEIRA MARQUES	JUCENIA AGOSTINHO NUNES OLIVEIRA	12-01-1927	F	484.694.641-08
ID_000000094	ALTILENE PARAISO	URANI BARROS PARAISO	06-03-1982	F	073.874.981-80
ID_000000095	SIGFRIED GIDEMAR NOVAES PEIXOTO AGUIAR	CELETINA BOTELHO NOVAES	25-12-1957	M	369.481.445-00
ID_000000096	ITALUAN JESUS GOULART	MAIDA SIQUEIRA TELES JESUS	17-02-1997	M	736.938.481-06
ID_000000097	NERALDINO RESENDE VARELA MARTINS	SIBELLY MOURA PORTELA VARELA	09-05-1984	M	444.282.455-05
ID_000000098	JOARLIS SOUSA SOUSA	CLERECI MARTINS SOUSA SOUSA	23-04-2004	M	530.805.619-61
ID_000000099	ENGRACA MORAIS AGOSTINHO MESQUITA	EVONEIDE FERNANDES FELIX AGOSTINHO	02-08-1954	F	572.945.394-99
ID_000000100	IETA MUNIZ	JONETE OLIVEIRA MUNIZ	18-03-1999	F	246.120.543-42
ID_000000101	MERALICE ILHA MACIEL ALMEIDA	SIRLEN VARELA SOUZA MACIEL	13-05-1925	F	412.546.701-30
ID_000000102	DULCILEIA DANTAS	VERUSSA OLIVEIRA DANTAS	13-01-1993	F	457.998.065-49
ID_000000103	AGAILTON BOTELHO TEIXEIRA	TAILANE MELO CONCEICAO BOTELHO	05-09-1956	M	022.005.801-69
ID_000000104	ALTIVIR ODANIA DRUMOND GONZAGA SOUZA	LIGIANI CONCEICAO DRUMOND	15-05-1961	M	515.159.460-53
ID_000000105	IRONI ALEXNALDO DA CONCEICAO SILVA FERNANDES	LEDIANA MORAES DA CONCEICAO	11-05-1953	F	583.346.511-71
ID_000000106	JUDITI TEIXEIRA MOREIRA	EREMILDA DANTAS ARAUJO TEIXEIRA	03-11-2003	F	179.539.888-44
ID_000000107	GEORGEA CAPELO	CLAIANE MAGALHAES CAPELO	01-10-1939	F	894.497.250-80
ID_000000108	CRISTE CORDOBA MENDES BOAVENTURA	ITATIANA GOUVEIA TEIXEIRA MENDES	19-01-1991	M	287.801.944-00
ID_000000109	MICASSIO CAVALCANTE	NORIS ORNELAS CAVALCANTE	08-11-2018	M	807.133.563-08
ID_000000110	EFIGENIO GILCARA FOGACA FREITAS PERALTA	LUZIJANE GERALDES FOGACA	16-09-1981	M	617.955.362-92
ID_000000111	EDELVINO DRUMOND FLORES FLORES	TATIMARA HIPOLITO CARVALHO FLORES	01-07-1911	M	973.127.421-90
ID_000000112	OSVANILSON DELMAIR CAMPOS TEIXEIRA TEIXEIRA	FRIDA FERNANDES CAMPOS	27-05-1923	M	879.119.082-73
ID_000000113	RIQUELMO ALEGRIA PORTO FOGACA	LECITA SOUZA NOBREGA PORTO	05-10-1965	M	510.728.947-93
ID_000000114	IZANIL GOMES	JOENIA MARINHO GOMES	05-04-1914	M	966.786.148-10
ID_000000115	JAMILTO ARAUJO BITTENCOURT	ONESSIMA MEDEIROS ILHA ARAUJO	05-04-1903	M	419.420.600-25
ID_000000116	DEISIARA GUIMARAES HIPOLITO	CORACI VELOSO DORNELES GUIMARAES	16-04-1937	F	351.329.668-10
ID_000000117	ANACARLA LACERDA SOUSA ESCOBAR	RAIFA CAMACHO NOBREGA SOUSA	01-07-1929	F	684.070.186-78
ID_000000118	EDIONEI ARAGAO	AURICLEA DAS NEVES ARAGAO	27-08-1945	M	632.238.938-65
ID_000000119	JOSCELIA CALDEIRA	SUSIE LANCASTRE CALDEIRA	18-02-1963	F	056.101.186-97
ID_000000120	FATEN CAVALCANTE	JOICINEIDE SILVEIRA CAVALCANTE	26-07-1999	F	719.249.250-79
ID_000000121	SATOMI VILELA	MINEA IBRAHIM VILELA	02-02-1917	F	395.567.873-30
ID_000000122	IRACILDES ENDRA JAQUES QUARTEIRA QUEIROZ	CRISALIDA LESSA JAQUES	16-11-2019	F	295.466.021-08
ID_000000123	DOMINGA MARTINS LEIRIA PADILHA	ARILCE SALAZAR MORAIS LEIRIA	28-02-1963	F	957.797.738-31
ID_000000124	MARGARI GRICELIO ORNELAS DA ROSA TAVARES	IRANDILMA GARCIA ORNELAS	15-04-1950	F	638.612.809-57
ID_000000125	LUCIDEISE OLIVEIRA TAVARES	CONSTANCIA MALDONADO SOUSA OLIVEIRA	03-09-2002	F	462.673.288-72
ID_000000126	RUBESMAR FRUTUOSO GONZAGA BARROS	CLEVIANE SOUSA SILVEIRA GONZAGA	24-03-1995	M	327.709.353-05
ID_000000127	DIUNISIO BAPTISTA BOTELHO FREITAS	ANIVERSINA BRITO GARCIA BOTELHO	03-02-1915	M	385.558.939-92
ID_000000128	AZENIR SILVA PADILHA	DORITA CAMPOS MARTINS SILVA	03-05-1989	F	053.722.394-09
ID_000000129	EDIANO EZIA HILARIO FOGACA SOUSA	MERENICE DA ROSA HILARIO	13-02-2012	M	960.013.104-08
ID_000000130	WANDERCLEIA SANCHES ALVES MENDES	NILEIA FOGACA DOS REIS ALVES	26-03-1931	F	500.225.639-20
ID_000000131	ROMAIANA BARBOSA	DARIETE DA ROSA BARBOSA	22-03-1991	F	078.546.950-83
ID_000000132	RONILTON FERNANDES PINHEIRO	BRBARA ALMADA FELIX FERNANDES	24-12-1906	M	966.465.929-00
ID_000000133	ADEVILMA PERALTA ORNELAS	PRACIDIA GONZAGA ESTEVES PERALTA	09-04-1995	F	543.143.667-88
ID_000000134	ZINILDA SALAZAR SILVA	RODI BARROS DORNELES SALAZAR	24-05-1910	F	361.854.364-69
ID_000000135	ORACI DUARTE	COROL RODRIGUES DUARTE	13-07-1974	M	658.520.319-41
ID_000000136	EDMIRO CAVALCANTE TAVEIRA DRUMOND	MARNIA MEDEIROS GONZAGA TAVEIRA	27-09-1910	M	059.522.420-22
ID_000000137	EVENILDO JORLISON SALGADO GOMES SOUZA	FLANCILENE SILVA SALGADO	15-07-2002	M	158.127.192-17
ID_000000138	LEDINEIA DAMASIO GOMES	ELIANO AZAMBUJA TEIXEIRA DAMASIO	09-04-1955	F	254.228.048-72
ID_000000139	LIDIANARA GIOVANDRO PERALTA SOUSA VASCONCELOS	FLORIPA DA MOTA PERALTA	06-05-1901	F	827.097.063-85
ID_000000140	FLANDER PINTO DA MATA	SHAKIRA NOVAES TEIXEIRA PINTO	13-09-1970	M	212.678.196-85
ID_000000141	SONI DIAS MARINHO LIMA	MARQUESA ALEGRIA GIL MARINHO	16-10-1998	F	652.497.558-87
ID_000000142	MOHSEN ZAGANELLI FIGUEIREDO	GISELA BARBOSA SOUSA ZAGANELLI	09-01-1996	M	916.267.198-70
ID_000000143	SAMANTH BARROS	ERENILZA PINHEIRO BARROS	13-06-1924	F	106.513.226-34
ID_000000144	LIVINDO ANELIDA JORDAO FOGACA BARRETO	GRACINELMA CARVALHO JORDAO	08-04-1986	M	966.099.284-01
ID_000000145	JOATAO DOS REIS FOGACA MEIRELES	TAUANIA SOUZA MORAIS FOGACA	23-10-1937	M	345.485.522-51
ID_000000146	LUZIAN NUNES	ISNAIA MONTEIRO NUNES	18-12-1936	M	735.459.323-03
ID_000000147	ANTONINI CASTRO	MARTA NUNES CASTRO	06-06-1967	M	540.776.583-73
ID_000000148	LEUDENIR GALVAO MENDES GODINHO RESENDE	ADNES GODINHO MENDES	02-01-1919	F	862.392.156-94
ID_000000149	INGRACIA CALDEIRA	JUCIVALDA MELO CALDEIRA	13-09-1931	F	219.757.721-21
ID_000000150	ALGENIR DA ROSA CALIXTO	ACATIA COUTINHO ROCHA DA ROSA	08-06-1991	F	954.869.332-15
ID_000000151	LUCINERI ALVES	IRALDIR CASTRO ALVES	25-11-1981	F	792.948.794-61
ID_000000152	EDEMARIA AGUIAR AZAMBUJA	RISONAIDE LACERDA CHAVES AGUIAR	17-01-1960	F	976.759.588-02
ID_000000153	IREMAR NOGUEIRA ZAGALO	NAURIA BARROS RIBEIRO NOGUEIRA	09-02-1997	F	348.701.006-22
ID_000000154	DAGUIMARA SILVEIRA SOUSA SOUZA	MEIREVALDA SUBTIL CARDOSO SOUSA	26-09-1941	F	464.070.631-67
ID_000000155	MARISOL EDESIA DA ROCHA FARIAS ROCHA	PATRINI APARICIO DA ROCHA	25-10-2011	F	247.037.607-62
ID_000000156	ALMANIR ODIRLEI PEIXOTO PINHEIRO GERALDES	JACIREMA TORRES PEIXOTO	27-06-1904	M	385.699.109-32
ID_000000157	EZIETE CAMPOS SOUZA	LUZINAURA RAMOS COSTA CAMPOS	21-01-1941	F	863.799.292-74
ID_000000158	RAFAEL NUNES CASTRO	ENIZETE NUNES SOUZA NUNES	18-03-1996	M	148.492.759-15
ID_000000159	OSNARA ARAUJO CHAVES	RAISY GASPAR CASTRO ARAUJO	19-08-1958	F	703.659.411-07
ID_000000160	LORNI SALES	EMILIANA ESTEVES SALES	08-09-1951	F	258.922.457-56
ID_000000161	EMARI FARIAS GUIMARAES MEDEIROS	KETIA JESUS LACERDA GUIMARAES	21-05-1906	F	166.285.664-47
ID_000000162	DINARCI SOUZA	LEOANA AZAMBUJA SOUZA	07-11-2014	F	470.394.294-11
ID_000000163	LEANETE AUDSON FIGUEIROA SOUZA CARVALHO	ARMINDA MAIA FIGUEIROA	13-07-1997	F	470.018.437-09
ID_000000164	SIMELIA ALMEIDA	IRENAIDE GONCALVES ALMEIDA	28-04-1939	F	416.129.047-00
ID_000000165	OTAMIR SOARES DRUMOND	AVERILDA VASQUES GOMES SOARES	21-12-1991	M	587.441.744-38
ID_000000166	ONAIRDA ARIZE MENDES ALVIM CONCEICAO	NETANIA GONCALVES MENDES	27-09-1901	F	288.546.680-44
ID_000000167	TEIXEIRA CURADO	DANUSE MACIEL CURADO	17-03-1906	M	623.464.629-85
ID_000000168	AURINEI ALBUQUERQUE	WALDENEIDE DIAS ALBUQUERQUE	06-09-1904	F	550.227.230-34
ID_000000169	EDIAMARA SOUSA	NEMESIS RAMIRES SOUSA	22-12-1971	F	890.177.053-96
ID_000000170	ZILDINETE MUNIZ HERNANDES	VANDRESSA CONCEICAO EVANGELISTA MUNIZ	09-05-1935	F	531.436.861-70
ID_000000171	EUFLOZINA NUNES HIPOLITO	EURINDA MARTINS PIMENTA NUNES	03-05-1960	F	693.793.707-50
ID_000000172	LAYON BRITES FRUTUOSO PORTO	ELISVALDA APARICIO PACHECO FRUTUOSO	03-08-1916	M	710.077.092-00
ID_000000173	GEVAL ILHA SALES GARCIA	VLADILENE VIEIRA ESPINOSA SALES	07-11-2003	M	659.160.173-24
ID_000000174	FELIA MESQUITA	GILCINEIDE XISCO MESQUITA	27-04-1953	M	839.965.131-19
ID_000000175	IRVALDO DORNELES MOREIRA ARRUDA	CLISLAINE PORTELA SOUZA MOREIRA	13-08-1948	M	569.270.141-36
ID_000000176	NAOMI LANCASTRE ALBUQUERQUE	MELIA CORDOBA PEREIRA LANCASTRE	10-05-2011	F	549.012.813-56
ID_000000177	OZAIDE ZANEIDE GOIS OLIVEIRA JESUS	MAIANDRA SOUSA GOIS	10-02-1950	F	582.472.671-01
ID_000000178	CARMINDA IVERLANDIA PERES GIL LOPES	ODIRLENE CORTES PERES	13-11-2011	F	088.241.814-90
ID_000000179	APOLONHO VIEIRA MELO	LAUZIANE TAVEIRA ANTUNES VIEIRA	11-01-1980	M	573.584.442-30
ID_000000180	CLEIDIJANE TITO FARIAS MACHADO FARIAS	TATIARA ALVES FARIAS	10-01-1957	F	792.131.964-58
ID_000000181	LEONILDA MARENISE ZANETTE MOURA MORAES	ROMERCIA SALES ZANETTE	15-06-1925	F	965.840.594-05
ID_000000182	DEJANES XISCO MARQUES	REGILAINE HERNANDES GOMES XISCO	24-01-1909	M	402.328.097-63
ID_000000183	VERCIANO VALDINETE DIAS CARDOSO DAVILA	ELSIE SALES DIAS	17-12-1939	M	393.531.705-08
ID_000000184	MIRIANO PEREIRA	LINDEUZA SOUZA PEREIRA	09-05-1957	M	995.629.668-60
ID_000000185	ERLETE VIDAL AZAMBUJA CARVALHO	CLEBIS GONZAGA COUTINHO AZAMBUJA	26-08-1921	F	749.752.985-46
ID_000000186	RAINANE BEIRAMAR SILVA FERREIRA	VICKTORIA MUNIZ ANTUNES SILVA	01-03-2012	F	569.512.031-48
ID_000000187	KERVESON SALAZAR MUNIZ GERALDES	MARIESTER FERRARI MOURA MUNIZ	05-10-1967	M	199.207.765-72
ID_000000188	ALEXANDREA SILVA	IRANILDE BELCHIOR SILVA	25-01-1964	M	944.126.447-40
ID_000000189	ZEMARIO SILVA VARELA MORAES	PHALOMA BELEM GOULART VARELA	04-12-1949	M	425.260.855-43
ID_000000190	GLESSE LIMA	IDEILDE NOVAIS LIMA	12-06-1902	F	869.379.230-07
ID_000000191	YUSEF RESENDE DIAS PEREIRA	ANTUNINA CAMACHO NUNES DIAS	18-08-1993	M	197.140.801-85
ID_000000192	FUMIE ALMEIDA CRESPO CASTRO	AGELICA ESCOBAR QUARTEIRA CRESPO	19-03-1913	F	701.804.528-27
ID_000000193	LAURINEIA DA CRUZ FURTADO	CLEOPATRA SOUZA BAPTISTA DA CRUZ	22-02-1955	F	057.213.080-52
ID_000000194	KILDARY SOUZA GUIMARAES	DICIONE GUEDES PILAR SOUZA	16-07-1999	M	110.274.470-07
ID_000000195	MARLENIO BERNARDES NUNES	ESTANISLAVA FERNANDES VIEIRA BERNARDES	11-09-1914	M	125.355.030-18
ID_000000196	ADANIR ALVES MUNIZ	LINDECI ALENCASTRO DANTAS ALVES	07-01-1978	M	244.681.188-49
ID_000000197	JAIDER NAUMI SAMPAIO MENEZES DA MATA	MARACELI QUEIROZ SAMPAIO	04-10-2006	F	091.335.160-14
ID_000000198	ALBENZIO NUNES MESQUITA	GLAUREA HERNANDES AGUIAR NUNES	11-12-1937	M	067.694.336-56
ID_000000199	DINALEIA BARROS FREITAS NOVAES	SONEA GARCIA CALIXTO FREITAS	23-01-2002	F	363.468.050-45
ID_000000200	IANE ALMEIDA SILVA MELLO	CICLEIA AZAMBUJA PACHECO SILVA	21-09-1969	M	593.905.748-97
ID_000000201	ATEMICIO XIMENES	DJULI REZENDE XIMENES	06-11-1986	M	338.609.204-72
ID_000000202	ROMI CLEMITON ALBUQUERQUE ESPINOSA JAQUES	EMIRIAN ANDRADE ALBUQUERQUE	07-10-1964	F	371.255.717-51
ID_000000203	ISANDRA DORNELES MONTEIRO ASSUNCAO	RONAIDE ESPINOSA ARAUJO MONTEIRO	12-07-1929	F	962.924.205-23
ID_000000204	LINDERLEI EGLEA BAPTISTA DA COSTA FERNANDES	DANIELMA BARROS BAPTISTA	25-07-1931	M	857.612.894-23
ID_000000205	JOSSANIA TRINDADE ALMADA CAMILO	JOVENILIA APOLINARIO CORTES ALMADA	16-11-1948	F	934.647.212-05
ID_000000206	EDVAL ESTEVES	ADEANGELA MORAES ESTEVES	15-07-1905	M	925.229.618-29
ID_000000207	ANDRINI SOUSA RIBEIRO LIMA	ARZELI CORTE REAL MORAES RIBEIRO	20-02-2007	F	890.885.216-62
ID_000000208	KITERIA MORAES DINIS	EUNI RIBEIRO JORDAO MORAES	21-10-2003	F	938.201.885-92
ID_000000209	LEONORIO COUTINHO QUARTEIRA	JANICLEIDE BARROS FOGACA COUTINHO	28-04-1936	M	136.301.457-95
ID_000000210	ROSINALDO ANDRADE	PAULIMAR SOUSA ANDRADE	07-01-2016	M	536.339.314-06
ID_000000211	UISTON BRITES MELLO	CLEUTIANE GUEDES PORTELA BRITES	26-02-2004	M	760.918.012-28
ID_000000212	ANIBALDO VANCARLOS SALAZAR DUARTE ROCHA	LADIVANIA DA ROSA SALAZAR	28-08-1943	M	112.517.590-76
ID_000000213	SIDARIA SOUSA CALIXTO DA PAZ	LUCIANA SOUZA PORTO CALIXTO	04-12-1905	F	620.873.931-41
ID_000000214	PATRIQUE DOS REIS	OSIMEIRE DAS NEVES DOS REIS	19-12-1930	M	160.548.572-15
ID_000000215	GISNALDO SILVA FIGUEIREDO	MARNALVA CALDEIRA PIRES SILVA	22-11-1952	M	456.471.327-23
ID_000000216	GERMAN ROCHA	JOSCILENE NOVAES ROCHA	11-07-1993	M	713.687.927-23
ID_000000217	JOVENILDES MEIRELES CASTRO	CIDA BOAVENTURA OLIVEIRA MEIRELES	22-02-1905	F	253.611.027-33
ID_000000218	DALILA DA COSTA SOUSA	SABELE MEIRELES FARIAS DA COSTA	28-08-2013	F	183.328.004-04
ID_000000219	ISMAILDE PINHEIRO SANTOS	CLAUDERLANIA MOREIRA LACERDA PINHEIRO	21-02-2018	F	657.898.373-28
ID_000000220	NAIRE SALGUEIRO	FLAVILENE BOTELHO SALGUEIRO	12-05-1979	F	414.035.069-57
ID_000000221	DIANDA DOMINGUES CASTRO	LIRETE ZAGALO PARAISO DOMINGUES	14-12-1911	F	923.713.846-66
ID_000000222	OTACIANO ROSINEI FERREIRA GENTIL OURIQUE	LORIDA FERNANDES FERREIRA	09-08-1958	M	061.475.670-71
ID_000000223	SEAN GERALDES MUNIZ	COSTODIA MORGADO PARIS GERALDES	09-04-1920	M	514.529.030-69
ID_000000224	SEBASTANA SILVA CORTE REAL	JODEILDE ARAUJO BRITO SILVA	12-06-1908	F	765.595.657-00
ID_000000225	CLAUDENICIA RIVAN SOUZA SILVA ALVIM	TAIUANA GUEDES SOUZA	10-12-2002	F	222.707.053-60
ID_000000226	EDIARA DA COSTA CAMILO	DILENE LEIRIA PEREIRA DA COSTA	04-11-1921	F	730.175.247-44
ID_000000227	EVERTI PILAR MESQUITA SOUSA	LUZILETE SALGUEIRO CRESPO MESQUITA	14-11-1907	M	071.179.742-06
ID_000000228	TAISMARA FIGUEIREDO MOREIRA GERALDES	JORA CARDOSO SOUZA MOREIRA	07-08-1952	F	276.700.179-88
ID_000000229	FLORESMAR ORNELAS CAMPOS DAS NEVES	SAINARA OURIQUE CASTRO CAMPOS	15-03-1917	F	005.413.824-89
ID_000000230	ANECLETO GOULART	EZILVA SOUSA GOULART	03-01-1912	M	203.386.072-85
ID_000000231	DAZILMA SILVA XAVIER	ARLECIA BAPTISTA EVANGELISTA SILVA	28-07-1953	F	267.823.408-87
ID_000000232	LEDUARDO PINTO PARIS	MAVIONE PERALTA GERALDES PINTO	21-01-1908	M	391.039.427-24
ID_000000233	EUGENIA DIRLEINE DANTAS NOVAIS PEREIRA	CHALENE HILARIO DANTAS	18-03-1948	F	855.122.964-85
ID_000000234	ZAIDAN ALEGRIA GOUVEIA	VALDELUCE ARAUJO DA CUNHA ALEGRIA	09-02-1926	M	551.372.404-94
ID_000000235	JAVES MAIA	CRISLAINY PEREIRA MAIA	04-05-1950	M	047.483.608-87
ID_000000236	JUNEA BOTELHO SAMPAIO VARGAS	DENISIA TAVEIRA PACHECO SAMPAIO	16-02-1921	F	436.322.727-35
ID_000000237	ALZILEIDE CARVALHO	YURIKA XISCO CARVALHO	17-01-1962	F	313.393.288-87
ID_000000238	ROSIMELI JESUS LEIRIA QUARTEIRA	CECIMARA JESUS BARBOSA LEIRIA	02-04-1921	F	419.250.139-28
ID_000000239	JAIR BERNARDES	NADIME XISCO BERNARDES	04-07-1901	F	400.626.320-19
ID_000000240	JOTANAEL MAGALHAES DA CRUZ	ADIGINA FERRARI BARRETO MAGALHAES	13-11-1950	M	729.536.296-70
ID_000000241	CLEID ESTEVES FARIAS VIEIRA	FRANCISJANE ALEGRIA NASCIMENTO FARIAS	06-11-2004	M	910.273.502-40
ID_000000242	JOANADARC GOUVEIA ARAUJO RAMIRES	MARIQUITA GARCIA GERALDES ARAUJO	13-11-1920	F	417.531.329-08
ID_000000243	EWALD ALEGNA HILARIO SOUZA DOMINGUES	JOEDMA XIMENES HILARIO	25-11-1919	M	048.615.600-12
ID_000000244	ARLECIO FERNANDES DAS NEVES GOMES	ORILDES ARRUDA ALMADA DAS NEVES	24-11-1910	M	633.309.258-41
ID_000000245	ROS SOUSA MENEZES	JOSIRA MALDONADO VELOSO SOUSA	28-11-1915	F	612.452.104-08
ID_000000246	VALDECLECIA GONZAGA	VIGNA ZANETTE GONZAGA	10-10-1992	F	444.056.172-10
ID_000000247	DEUCIMAR MOURA	KATIUSCIA VELOSO MOURA	06-02-1990	M	664.969.372-30
ID_000000248	DEUCINEIA SOUZA	VALMICEIA PIMENTA SOUZA	11-12-1909	F	610.622.854-09
ID_000000249	ADAZIZA BITTENCOURT ARAUJO	JORJA MARTINS PACHECO BITTENCOURT	09-04-1953	F	871.259.251-03
ID_000000250	SILEIA FIGUEIREDO ARRUDA	VALDEIDES NOVAES BARBOSA FIGUEIREDO	03-06-1931	F	191.819.202-29
ID_000000251	GIOVA PAIVA PARAISO FERREIRA	MARONILDE DAS NEVES DUARTE PARAISO	01-04-2001	M	047.573.876-44
ID_000000252	MILADY GENTIL	CELSI SILVA GENTIL	27-12-1971	F	817.212.145-85
ID_000000253	FLANKLIN BARROS	MINA FLORES BARROS	05-07-1971	M	868.558.865-07
ID_000000254	VERIANE CAPELO TAVARES	ADUA PARIS CURADO CAPELO	20-03-1983	F	292.518.666-19
ID_000000255	ABISAGUE LOPES CUSTODIO	ESTANE MORGADO RIBEIRO LOPES	18-03-1941	F	506.341.233-51
ID_000000256	MONIZZE PERES	JOSSINETE MARQUES PERES	12-06-1985	F	174.279.032-18
ID_000000257	MARCONIEDSON ANDRADE GUEDES PEIXOTO	RAIGILA DA CUNHA BELCHIOR GUEDES	17-07-1972	M	365.275.116-71
ID_000000258	ROSANGELI MESQUITA	ROMILA ALVES MESQUITA	01-12-1943	F	531.307.369-99
ID_000000259	DJINANE SILVA	HERIQUETA QUARESMA SILVA	25-01-1918	F	256.238.525-05
ID_000000260	AURIEDNA ARAUJO VEIGA	JOCIVALDA DA ROCHA SOUZA ARAUJO	24-02-1970	F	005.639.518-34
ID_000000261	ONESINA VICENZO SOUSA DORNELES FOGACA	INDINARA SOUSA SOUSA	26-04-1955	F	633.599.944-77
ID_000000262	PASCOALE CALDEIRA SALGADO NUNES	LEUDENIR GOMES DA CRUZ SALGADO	12-05-2018	F	939.594.187-10
ID_000000263	HANSEN ELENITO SILVA RIBEIRO MACHADO	LUMAIRA DINIS SILVA	28-10-2005	M	145.598.458-24
ID_000000264	SILVANDINO ASSUNCAO	SOLANEA SOUZA ASSUNCAO	15-05-2003	M	558.378.506-35
ID_000000265	EDELVINA LESSA	LERICA FERNANDES LESSA	17-04-1965	F	388.675.145-71
ID_000000266	JOSABETH PACHECO MARINHO PORTELA	MACILENI PIRES CAVALCANTI MARINHO	04-04-1983	F	755.662.263-02
ID_000000267	ARACHELE FERNANDES HILARIO MARTINS	FRANCILEUDA GONZAGA PARIS HILARIO	10-10-1940	F	294.624.123-83
ID_000000268	ATIELE DOS REIS PEREIRA ANTUNES	EVELAINE DANTAS VILELA PEREIRA	25-07-2019	F	032.059.594-34
ID_000000269	KENIDE DIAS DIAS CORDOBA	ELICLEIA TRINDADE PIRES DIAS	21-04-1965	M	598.909.491-48
ID_000000270	JOSSEAN DA ROCHA ALVIM	MARIAHELENA REZENDE LIMA DA ROCHA	08-04-1992	M	650.476.315-16
ID_000000271	RENILDES PINHEIRO ANDRADE PERALTA	JOSECLER MENEZES CONCEICAO ANDRADE	07-12-1911	F	521.234.766-17
ID_000000272	SANDRIGO ESPINOSA RIBEIRO	VANIZA PINHEIRO GOMES ESPINOSA	03-10-2017	M	415.260.537-56
ID_000000273	VANESA PAIVA GIL	OZINETE FARIAS DUARTE PAIVA	25-03-1935	F	331.718.455-80
ID_000000274	VANDICLEIDE KATSUME BARBOSA GOULART ALVIM	ZILTA CARDOSO BARBOSA	13-02-1983	F	626.798.292-04
ID_000000275	IRENILZA GOMES QUARTEIRA	IARIMA DA ROCHA NOVAIS GOMES	23-12-1941	F	384.744.446-83
ID_000000276	ITAILDE MONICLEIA COUTINHO MORGADO MARQUES	SALUSTRIANA ORNELAS COUTINHO	11-02-1939	F	411.759.839-26
ID_000000277	LECIMARA BRENDER SILVA GONCALVES VIDAL	JOVENILIA BONFIM SILVA	22-12-1909	F	405.649.344-88
ID_000000278	FLORIO FOGACA PORTO VARGAS	NICIENE DIAS AZAMBUJA PORTO	15-02-1990	M	866.757.391-40
ID_000000279	BRENDON RODRIGUES NEVES TAVARES	FLORESMAR ALBUQUERQUE DORNELES NEVES	19-03-1935	M	464.465.136-23
ID_000000280	KAIENE UBIRAJA COUTINHO MUNIZ QUARTEIRA	NETINHA SIQUEIRA COUTINHO	01-11-1930	F	441.922.422-30
ID_000000281	OLDAQUE VELOSO DIAS	ZERONI VIEIRA QUEIROZ VELOSO	20-07-1956	M	865.327.603-31
ID_000000282	ADEMIVAL VEIGA FERRARI MODESTO	MIGUELI DORNELES MODESTO FERRARI	26-06-2004	M	802.500.989-03
ID_000000283	EMILHO BRITO SALES ILHA	CLEDINEA APARICIO SALGADO SALES	13-08-1910	M	555.247.433-33
ID_000000284	MONIQUELE JOSILEIA ZAGANELLI FERREIRA BELEM	LUCENIRA FIGUEIROA ZAGANELLI	08-03-1957	F	410.392.514-04
ID_000000285	LARICIA LIBERALINA MACHADO SILVA TEIXEIRA	CLEUNEIDE SILVEIRA MACHADO	03-12-1984	F	712.396.411-09
ID_000000286	MEIRI HILARIO	PRICIANE RESENDE HILARIO	07-04-1950	F	197.297.184-07
ID_000000287	ANIRA ANDRADE	ALDREA HERNANDES ANDRADE	11-07-1985	F	434.059.087-87
ID_000000288	SOFI MORAES	CLEISIANE CUNHA MORAES	05-04-1930	F	955.797.188-61
ID_000000289	KOITI VASCONCELOS NOGUEIRA	CLEICE PADILHA FREITAS VASCONCELOS	08-09-2004	M	561.024.960-00
ID_000000290	SIDEIA TEIXEIRA	IRAMALIA REBELO TEIXEIRA	19-06-1966	F	934.662.950-92
ID_000000291	JORISMAR LICIMARA QUARESMA SILVA QUARESMA	INGRE FIGUEIREDO QUARESMA	17-04-1930	M	827.319.124-99
ID_000000292	ARIENI GUTERRES RAMIRES PARAISO	LILAZIA VASQUES FARIAS RAMIRES	11-07-1920	F	292.677.166-54
ID_000000293	ROBEILTON CAIQUE NOBREGA SOARES OLIVEIRA	JUVIANA PERALTA NOBREGA	09-10-1919	M	817.123.585-96
ID_000000294	UBIARA GOMES	WELINGTA FREITAS GOMES	25-02-1994	F	137.793.596-50
ID_000000295	RITIELI CORTES	SIMONO SILVA CORTES	11-01-1954	M	570.582.047-05
ID_000000296	GEORG EVANGELISTA NEVES AGUIAR	LUCEMEIRE DA COSTA BARROS NEVES	13-07-1913	M	809.115.526-34
ID_000000297	SADJA DINIS	GRACENIR MOURA DINIS	22-09-1916	F	343.410.425-99
ID_000000298	JUSCARA MARINHO FIGUEIROA	JACQUELANE FREITAS ZAGALO MARINHO	03-01-1957	F	269.696.150-65
ID_000000299	SILZA CORDOBA FERNANDES OLIVEIRA	MARINDALVA SOUSA SILVA FERNANDES	19-06-1994	F	575.241.276-50
ID_000000300	GERMINO CARDOSO	CICILIANE FURTADO CARDOSO	21-05-1968	M	459.828.384-03
ID_000000301	ENIRIO FIGUEIREDO	DEUSLIRA NOVAIS FIGUEIREDO	03-02-1914	M	274.441.553-72
ID_000000302	AUCELINA GLEICON VILELA REZENDE CALDEIRA	RIZEUDA GUIMARAES VILELA	16-09-2011	F	581.620.633-82
ID_000000303	GICIA PEREIRA FERRARI MONTEIRO	NILZALINA ZAGALO AGUIAR FERRARI	06-09-1913	F	899.529.896-01
ID_000000304	WALTRUDES PEREIRA CASTRO	CELMIRA ARRUDA ARRUDA PEREIRA	26-06-1950	F	231.545.951-63
ID_000000305	CARLITA PEREIRA ALEGRIA	LAURISE RIBEIRO MELO PEREIRA	01-06-1948	F	489.550.591-08
ID_000000306	MARIBALDO OLIVEIRA SILVA PEIXOTO	MONIELLY FARIAS DAS NEVES SILVA	01-12-1941	M	818.056.219-04
ID_000000307	PAULINIA ALEGRIA	CLEUDES FERNANDES ALEGRIA	14-04-1909	F	298.345.751-65
ID_000000308	JARILZA ESCOBAR DAMASIO BAPTISTA	ADEITA PAIVA FRUTUOSO DAMASIO	01-09-1966	F	874.040.075-18
ID_000000309	THALLYS GOULART PAIVA CARVALHO	ROSAUVA DA ROCHA MESQUITA PAIVA	24-03-1993	M	485.815.024-07
ID_000000310	DIJALMA GOULART	ANNUNZIATA BARBOSA GOULART	12-05-1907	F	666.035.760-23
ID_000000311	NERIVALDA ROCHA GOMES SILVA	LISLEY QUARESMA FERNANDES GOMES	07-09-1983	F	621.442.358-72
ID_000000312	ROSENEIDE FIGUEIREDO RAMOS FRUTUOSO	WALDEISE DA CUNHA GUEDES RAMOS	25-08-1980	F	510.514.094-03
ID_000000313	ORDANI VASQUES LOPES FOGACA	OTAISA VEIGA VASQUES LOPES	19-04-1909	M	809.602.744-13
ID_000000314	FAGNEY MONTEIRO FRUTUOSO ALENCASTRO	EDENA PERES BAPTISTA FRUTUOSO	24-12-1934	M	182.130.207-90
ID_000000315	ALDAIDES DONEZETE MONTEIRO ALMADA ARAGAO	NATALIANE ESTEVES MONTEIRO	27-03-1982	F	836.716.531-40
ID_000000316	ADEJARDO JUNIELLE MENDES VASCONCELOS LIMA	NATALIENE DA LUZ MENDES	13-07-1920	M	843.332.086-61
ID_000000317	EDINEIA MOREIRA	VIVIANIA JESUS MOREIRA	04-04-2005	F	006.040.194-08
ID_000000318	ORAVIO SILVEIRA CAPELO	NICKOLE MORAES ZAGANELLI SILVEIRA	02-02-1985	M	776.406.477-70
ID_000000319	JURANES COUTINHO SILVA MAIA	DORISANDRA ILHA REBELO SILVA	27-05-1988	M	155.178.837-37
ID_000000320	NADIRIA MAIA PEREIRA	ALVARINA CAMACHO DORNELES MAIA	18-05-1942	F	531.815.897-80
ID_000000321	NESI CARDOSO BELCHIOR CARVALHO	VANESSI CARVALHO SILVA BELCHIOR	25-05-1945	F	713.872.199-44
ID_000000322	GILVASIO VLADIANA MARINHO MARTINS GONCALVES	ELIZEBETH DRUMOND MARINHO	17-08-1970	M	029.215.672-37
ID_000000323	ALCIDO SOUZA	CLICIA PERALTA SOUZA	14-05-1938	M	448.844.603-59
ID_000000324	CLEURI GASPAR MUNIZ GARCIA	SOLEANE SOUZA XAVIER MUNIZ	15-03-1961	F	659.499.884-69
ID_000000325	LEDIANI MEDEIROS SUBTIL	AREDA VASCONCELOS SILVA MEDEIROS	22-03-1980	F	823.534.146-80
ID_000000326	GERACILDA JUDENOR SILVA PIMENTA INFANTE	RAMILA GUIMARAES SILVA	16-12-1902	F	862.360.439-30
ID_000000327	VANISON OLDACK MARTINS DANTAS GUEDES	DEA CAVALCANTI MARTINS	10-07-1915	M	256.382.686-18
ID_000000328	IVERSON DAILANA CURADO JAQUES JAQUES	IBERIA SOUSA CURADO	12-08-1919	M	504.465.440-00
ID_000000329	LOSIVALDO MARILUA VARGAS SALES SOUZA	SERLENI SALES VARGAS	04-10-1971	M	026.776.827-37
ID_000000330	LORIE SOUSA DA COSTA	LUDOVICA DOS REIS SILVA SOUSA	10-12-1949	F	121.717.987-93
ID_000000331	WIVINA FREITAS MORAES BARRETO	RARINE TRINDADE CARDOSO MORAES	15-05-1917	F	702.365.949-82
ID_000000332	VERUZIA SOUSA	IZANIA DA CONCEICAO SOUSA	18-01-1950	F	067.945.199-41
ID_000000333	ENGRID SILVA SOUSA NEVES	DACINETE NOBREGA BOAVENTURA SOUSA	22-07-1945	F	898.259.226-13
ID_000000334	CLEIVITON SOUSA VASCONCELOS DOMINGUES	JUCINALDA GARCIA CAMPOS VASCONCELOS	13-08-1927	M	442.881.224-81
ID_000000335	LAUDEJANE SALGADO GOIS XISCO	JADIRENE VIEIRA RIBEIRO GOIS	27-03-1936	F	632.225.454-56
ID_000000336	NERCO RIBEIRO SILVA TORRES	NAITA CHAVES GENTIL SILVA	08-01-1950	M	668.974.062-52
ID_000000337	BENICIA BERNARDES	RUBENICE MACIEL BERNARDES	19-11-1986	F	367.201.645-46
ID_000000338	EDINASIO SOUZA PAIVA VIEIRA	VAGUINA SOUZA TAVEIRA PAIVA	17-09-1973	M	113.373.123-63
ID_000000339	VANGIVALDO SOUSA CAVALCANTI	JOSENIR SIQUEIRA FERREIRA SOUSA	03-01-1988	M	851.865.388-68
ID_000000340	JUCIE SOUSA DOS REIS	GISELEA PARIS BEIRAMAR SOUSA	20-06-1947	M	851.293.663-01
ID_000000341	JOSEANIO ALEGRIA	SAMANDRA JESUS ALEGRIA	18-10-1972	M	626.758.525-54
ID_000000342	LUVIA MESQUITA DORNELES	ALDAIRA JAQUES SOUSA MESQUITA	12-01-1917	F	950.121.122-37
ID_000000343	LAURICLEIA JESUS SALGADO GOUVEIA	CONCEICAO SILVA ROCHA SALGADO	08-06-2002	F	249.704.068-04
ID_000000344	JORGINEI GIL	EVELINI ALBUQUERQUE GIL	06-02-2013	M	765.622.788-13
ID_000000345	VERIANO ZENAURA FERNANDES BOTELHO SALAZAR	LEOCLEIDE ORNELAS FERNANDES	10-11-1949	M	526.352.322-02
ID_000000346	VANDECLEIDE FERRARI CORTES	NERITA COSTA VASCONCELOS FERRARI	26-05-1936	F	754.089.682-51
ID_000000347	JOANDSON ZAGALO FREITAS BRITO	IUNA VILELA SILVA FREITAS	19-05-1970	M	849.814.031-51
ID_000000348	VALECIA BARROSO CAMILO NOGUEIRA MENDES	ELCIA QUEIROZ CAMILO	17-04-2016	F	540.845.507-60
ID_000000349	WALLAS VILARINO FOGACA MENDES MARQUES	JADRIANA GOULART FOGACA	12-12-1965	M	158.920.599-52
ID_000000350	GLEUCI SOUSA ARRUDA CARVALHO	GISLANEA SOARES CORDOBA ARRUDA	19-11-1957	F	511.061.112-22
ID_000000351	JOSEDE TAVEIRA ALENCASTRO DOMINGUES	DULCILENE MALDONADO DA MOTA ALENCASTRO	22-12-1934	M	827.847.903-80
ID_000000352	VANILZA LEIRIA FIGUEIREDO	DILETA VIEIRA GOMES LEIRIA	28-11-2004	F	980.739.754-59
ID_000000353	JUDICLEIDE DA CRUZ PARIS	MANUZA VIEIRA CASTRO DA CRUZ	25-07-1906	F	796.973.884-23
ID_000000354	ONITA DELIS GENTIL PADILHA EVANGELISTA	GISMEIRE RIBEIRO GENTIL	18-12-1950	F	625.001.112-96
ID_000000355	ELIANTO TIELE SILVA APARICIO DA MOTA	TALIANI AZAMBUJA SILVA	02-09-1950	M	256.112.277-83
ID_000000356	AGEO ANTUNES GERALDES	IREUZA NOVAES SOUZA ANTUNES	09-03-1902	M	380.783.475-37
ID_000000357	ERMINIA PEREIRA	WIDJA CAMILO PEREIRA	15-01-1991	F	099.978.339-45
ID_000000358	ZANATA MALDONADO SALES	VERANILDES FARIAS SOUSA MALDONADO	19-07-1928	M	358.069.498-77
ID_000000359	ISMERALDA DINIS SILVA APARICIO	LERICE CASTRO GOUVEIA SILVA	24-12-1995	F	899.432.498-46
ID_000000360	ALMERINA FERNANDES	LILIEN ASSIS FERNANDES	09-01-1975	F	836.488.857-90
ID_000000361	HORTENSIA SILVA ESCOBAR IBRAHIM	ROSAMIR OURIQUE BARBOSA ESCOBAR	25-07-1911	F	272.158.948-27
ID_000000362	HEBET NEVAL MOURA FREITAS MORAES	EDURADA LEIRIA MOURA	28-12-1968	M	147.048.688-18
ID_000000363	ELINARA DA MOTA	GLAUCIONE VIEIRA DA MOTA	18-08-1967	F	558.729.332-74
ID_000000364	DONATELLA MENELEU SOUSA DA LUZ ALVES	VANILMA INFANTE SOUSA	07-07-1907	F	309.868.621-93
ID_000000365	LAURIDE NOBREGA CALDEIRA	CORINTA SOUSA TELES NOBREGA	10-02-1927	F	221.816.543-01
ID_000000366	MARINELSON SAMPAIO GERALDES	ELIZABELE DOS REIS RAMOS SAMPAIO	07-10-1940	M	651.836.565-09
ID_000000367	TELVIO ALVES	EUCLISIA CORDOBA ALVES	15-09-2003	M	985.321.296-09
ID_000000368	VALDEMARIA GLEICA GODINHO INFANTE MORAIS	ANIELEN DA PAZ GODINHO	15-12-1923	F	080.766.845-10
ID_000000369	SUZILENE SOUZA CAPELO SOUZA	TARCILLA NASCIMENTO MARTINS CAPELO	18-12-2008	F	683.291.786-41
ID_000000370	GENECIAS GERALDES PERALTA TAVEIRA	DALVONETE MENDES RIBEIRO PERALTA	24-12-2015	M	407.172.203-70
ID_000000371	TAUNAY MARTINS MARINHO	RESANGELA VIDAL PERES MARTINS	22-02-1932	M	174.164.892-02
ID_000000372	ARISIA SANCHES MACIEL	VERITAS DAVILA CAMACHO SANCHES	20-05-1967	F	883.819.925-67
ID_000000373	JUN GOMES FRUTUOSO	GILDEIA DORNELES TAVEIRA GOMES	08-08-1992	M	670.950.508-13
ID_000000374	JOELIAS VANDELICE PINTO VIEIRA SIQUEIRA	EDILMARA MONTEIRO PINTO	18-08-1941	F	732.509.764-66
ID_000000375	GINAMARA VARELA SAMPAIO	CARMINDA ZAGANELLI HIPOLITO VARELA	18-05-1904	F	634.881.911-68
ID_000000376	ADRIAN VACIR PEREIRA TRINDADE MENDES	ANAIAN ESTEVES PEREIRA	27-05-2002	M	153.530.480-40
ID_000000377	DEUCI FERREIRA PIRES	EDENILDA RIBEIRO SUBTIL FERREIRA	03-02-1959	F	019.325.269-43
ID_000000378	ARLENILDE NEVES	ANAISE FERRARI NEVES	17-01-1920	F	503.859.872-26
ID_000000379	RISALVO GOULART	BERTILDES ARAGAO GOULART	25-04-1957	M	952.866.494-67
ID_000000380	MACILDE FRUTUOSO GASPAR TRINDADE	NALZIRA VELOSO PILAR GASPAR	15-12-1910	F	217.938.793-89
ID_000000381	SUZELAINE NASCIMENTO RODRIGUES	EGLI MONTEIRO RAMOS NASCIMENTO	25-07-1957	F	085.078.043-81
ID_000000382	ODMIR SAMPAIO RAMOS	CRISLEIANE RODRIGUES GOMES SAMPAIO	28-04-1906	M	501.590.232-89
ID_000000383	OSIRIS DIAS	EDILUCIA SUBTIL DIAS	18-03-1910	M	757.788.150-34
ID_000000384	NILDON BELCHIOR	EDILES SOUSA BELCHIOR	20-05-1991	M	605.829.966-78
ID_000000385	JUCEANE JAQUES SANTANA	LEOZILDA JESUS SOUZA JAQUES	08-12-1923	F	769.585.906-00
ID_000000386	PALEMA APOLINARIO AMORIM CASTRO	KIMBERLY CUNHA CASTRO AMORIM	22-02-1938	F	975.537.019-63
ID_000000387	REGIVANIA ORNELAS CAPELO CASTRO	VALCIRENE CARDOSO FARIAS CAPELO	02-08-2015	F	882.178.029-55
ID_000000388	ALAFI JORDAO FLORES FREITAS	SAYOMARA NOGUEIRA VELOSO FLORES	12-02-1934	M	086.741.918-00
ID_000000389	PERICO IVANDIRA ZAGANELLI FERNANDES CONCEICAO	JANECILDA GALVAO ZAGANELLI	06-10-2009	M	714.113.820-05
ID_000000390	GRIMALDI FRUTUOSO ARAGAO BONFIM	ODEILDA SALES PEIXOTO ARAGAO	04-04-1991	M	749.386.535-32
ID_000000391	MAIRIM TEIXEIRA ZAGANELLI	BRANDA PARAISO GUEDES TEIXEIRA	04-05-1927	F	957.564.745-95
ID_000000392	GESSINETE ALMERON XISCO FERNANDES SALES	KAYLLANE PARIS XISCO	28-08-2006	F	195.612.596-56
ID_000000393	DAIONE ENOE DINIS PEREIRA CAMACHO	LALESCA MELO DINIS	25-11-1988	F	683.914.075-00
ID_000000394	BETSY VIEIRA	FRANCILANDIA MESQUITA VIEIRA	16-01-1916	F	319.268.300-75
ID_000000395	PAULUS MACHADO	ROBERVALDA MELLO MACHADO	06-05-1919	M	346.441.016-13
ID_000000396	ENEMAR DA ROSA	FLIVIA VIEIRA DA ROSA	18-06-1992	M	286.850.729-80
ID_000000397	VANDERNILDO DAMASIO	CIMARA FERREIRA DAMASIO	13-04-1931	M	593.454.414-41
ID_000000398	TELVIRA TORRES VELOSO	RAELLEN FREITAS VARELA TORRES	11-09-1939	F	751.298.011-64
ID_000000399	JOSINEA SILVA PARAISO MONTEIRO	ROSILEUDE CAMPOS SILVA PARAISO	03-04-1931	F	436.831.379-83
ID_000000400	NORIANE FREITAS	TANE BARBOSA FREITAS	21-04-1905	F	241.065.693-53
ID_000000401	RIGOMAR PARAISO XAVIER	ALZIELE CASTRO GOMES PARAISO	23-06-1915	M	065.053.554-56
ID_000000402	ISTENIO ESTEVES	MARCINALVA NOVAIS ESTEVES	02-02-1950	M	294.316.251-56
ID_000000403	LUDUVICO CAMILO ROCHA SALGUEIRO	ODIRLENE SOUZA SOUSA ROCHA	03-03-1901	M	286.398.994-44
ID_000000404	JODMAR SILVA REBELO	CLEUZITA MESQUITA BERNARDES SILVA	17-06-1957	M	321.316.590-59
ID_000000405	DREISON DEJARDE ZAGALO RAMIRES CALIXTO	ARAGUACI NOGUEIRA ZAGALO	14-02-1966	M	504.168.813-35
ID_000000406	MARACELIA SALAZAR	DIGINA NUNES SALAZAR	19-07-2004	F	365.022.364-30
ID_000000407	WALDEMILSON MENDES SOUZA SALGUEIRO	MIRELLE VELOSO TAVARES SOUZA	04-09-1933	M	951.613.035-65
ID_000000408	NADJAN SALAZAR MOREIRA FERRARI	IVADETE ALENCASTRO MAIA MOREIRA	18-05-1978	F	378.127.392-01
ID_000000409	NAZARITA CLAUDEOMAR DINIS DOMINGUES GERALDES	LUNGUINHA PACHECO DINIS	25-06-1983	F	310.820.335-53
ID_000000410	LUZIELE DORAIDE GONCALVES VASQUES REZENDE	BELISSA BRITES GONCALVES	10-09-1995	F	302.208.693-83
ID_000000411	DEMOGENES FREITAS NOVAES	JOSSELINA DA CRUZ BONFIM FREITAS	24-06-1928	M	986.401.462-50
ID_000000412	AQUISA MELO LEIRIA	ERIANA PERALTA NEVES MELO	26-09-1925	F	706.790.453-68
ID_000000413	IMEUDA SILVA IBRAHIM SILVEIRA	EDILEA DAMASIO GOIS IBRAHIM	10-07-1964	F	672.923.615-95
ID_000000414	CLEONIRA GIL FLORES	HERMOSA GERALDES FERNANDES GIL	18-02-1901	F	326.455.374-05
ID_000000415	JUVIANA DA COSTA COSTA	AYSLLA CARVALHO PORTO DA COSTA	01-10-1941	F	647.306.598-99
ID_000000416	EVANILTON LESSA LEIRIA	ELEUTERIA VEIGA VIEIRA LESSA	19-08-1916	M	744.009.555-32
ID_000000417	MUSA PACHECO GUEDES	CELEIDA VASCONCELOS FRUTUOSO PACHECO	22-01-1962	F	614.070.304-26
ID_000000418	DJANICE OURIQUE PILAR VIEIRA	DARINA ARAUJO QUEIROZ PILAR	17-07-1978	F	615.027.603-12
ID_000000419	IVALDETE SALAZAR EVANGELISTA	LUCIANETE ALBUQUERQUE DAS NEVES SALAZAR	25-09-1966	F	259.586.896-90
ID_000000420	ANDALUZA MENEZES CAMACHO	EDIVANGELA GUIMARAES CAVALCANTI MENEZES	21-03-1943	F	605.095.712-63
ID_000000421	ENOKE GODINHO MARINHO TRINDADE	GLENIA MODESTO ALVIM MARINHO	25-04-2015	M	995.539.625-30
ID_000000422	JARDELIANE CLAUDEILDA DA CRUZ APOLINARIO GIL	VALDIZETE SILVA DA CRUZ	15-05-2010	F	072.742.962-05
ID_000000423	MARGARETH GOMES CAETANO SUBTIL	LUZIEMA MARINHO CASTRO CAETANO	21-03-1917	F	243.560.998-18
ID_000000424	FABIAN GOULART TEIXEIRA VIDAL	MOAMA OLIVEIRA ASSUNCAO TEIXEIRA	09-03-2011	M	351.493.506-80
ID_000000425	VAMBERTO DAS NEVES	EGILDA MUNIZ DAS NEVES	15-12-1972	M	319.109.823-26
ID_000000426	CARMOSINO IVAMBERTO MEDEIROS CURADO FELIX	HUDA DIAS MEDEIROS	01-01-1918	M	658.028.684-90
ID_000000427	LISNAIRA SALES LEIRIA	ATENEIA ARAUJO LOPES SALES	18-12-1936	F	260.714.502-33
ID_000000428	MARISVAN JORANDIR BARROS NASCIMENTO MARQUES	FARAILDE SOUZA BARROS	14-10-1977	M	408.035.613-77
ID_000000429	CLAUDEVAN HIPOLITO MELO	MANUELI AZAMBUJA ARAUJO HIPOLITO	23-02-1955	M	430.181.814-68
ID_000000430	PRISILLA PORTO	NILVIANE PORTO PORTO	14-12-1974	F	220.563.040-74
ID_000000431	IDINALDA KEISSY MENEZES BRITES GOMES	LINDICEI SUBTIL MENEZES	02-05-2012	F	345.149.806-50
ID_000000432	SERGIANO BOTELHO SILVA ARRUDA	GRACINETI BOTELHO MESQUITA SILVA	09-08-1995	M	627.142.885-10
ID_000000433	GUANAIRA MENDES SOUZA ESPINOSA	ANATIELLE SANTOS CORTE REAL SOUZA	07-12-2002	F	560.355.229-80
ID_000000434	HERBERT RUBNS SOUSA SAMPAIO SANTANA	EDIVANILDA ALMEIDA SOUSA	14-12-1999	M	577.853.130-32
ID_000000435	IONEIA GENTIL SOUZA	ENDINA SILVEIRA DA MOTA GENTIL	28-03-1912	F	969.632.680-70
ID_000000436	JONELICE MIKEAS FARIAS SILVA GUTERRES	JOSENADE PORTO FARIAS	01-06-1968	F	635.167.107-80
ID_000000437	VERANA GERALDES SAMPAIO APARICIO	APIA AGUIAR VASQUES SAMPAIO	18-12-1915	F	116.939.454-01
ID_000000438	JUANIR MARTINS LANCASTRE MEDEIROS	IRINILDE NOVAES BITTENCOURT LANCASTRE	01-12-1993	F	362.805.831-71
ID_000000439	ALFELIA APOLINARIO OURIQUE JORDAO	ERLANIA MARTINS OLIVEIRA OURIQUE	07-08-2006	F	248.413.309-09
ID_000000440	RAQUELANE ODEVA BARROS BRITO SAMPAIO	WANY TRINDADE BARROS	09-01-1908	F	955.788.453-39
ID_000000441	IVANDEL MARVIO XIMENES CAMACHO DOMINGUES	MARLENISE FURTADO XIMENES	03-05-1973	M	255.429.058-03
ID_000000442	ALTEMILSON BARBOSA RIBEIRO	JAQUICELE VEIGA AMORIM BARBOSA	15-06-1986	M	913.588.851-25
ID_000000443	MARLITE FERRARI	VENCERLINA GASPAR FERRARI	16-05-1916	F	814.926.957-69
ID_000000444	EDANIR GIL TAVEIRA GOMES	NADIME SILVA COUTINHO TAVEIRA	26-03-1988	F	097.914.707-74
ID_000000445	IDELVANO ALEGRIA	ANGELAMAR DA MATA ALEGRIA	11-09-1932	M	589.355.276-88
ID_000000446	CLEDNEI CAETANO PEREIRA MACIEL	MARILTE MAIA SOUSA PEREIRA	15-08-1944	M	010.916.894-15
ID_000000447	CLAUDEIRTON PACHECO HILARIO	ESPERANZA QUARESMA GIL PACHECO	04-03-1936	M	090.218.328-10
ID_000000448	JOMIL CORTE REAL BELEM GALVAO	RONALDE MESQUITA MUNIZ BELEM	05-04-2013	M	959.602.775-14
ID_000000449	FANTINA SANTOS SOUZA CALDEIRA	DEJANILDE PARAISO FURTADO SOUZA	20-06-1940	F	760.827.362-30
ID_000000450	TEONE GOULART	ZAILDE SUBTIL GOULART	23-05-1967	M	334.757.637-37
ID_000000451	FRANCIRLEI DOMINGUES GERALDES	MARLET GIL GENTIL DOMINGUES	22-09-1922	M	139.460.598-64
ID_000000452	ORDIVAL LINDOMARIA DAVILA NOVAES BEIRAMAR	ASTRIDE GOMES DAVILA	13-01-1908	M	803.801.232-15
ID_000000453	UDENILSON LANCASTRE	DEICI SILVA LANCASTRE	01-03-1943	M	098.617.840-39
ID_000000454	ZODJA TELES SILVA ESPINOSA	GILBERVANIA PERALTA SILVA SILVA	08-08-1983	F	893.900.091-97
ID_000000455	DELDETE RIZZA SALAZAR FLORES SOUSA	IVONES TEIXEIRA SALAZAR	25-07-1958	F	445.925.989-38
ID_000000456	LAURIVALDA PARIS FERNANDES	MARINILDES SALAZAR REZENDE PARIS	14-04-1920	F	552.902.939-65
ID_000000457	CLAUDENILDO SUBTIL	WALKENIA SILVA SUBTIL	19-03-2008	M	762.063.370-73
ID_000000458	GINEIDE SOUZA	DAYSE SAMPAIO SOUZA	21-09-1910	F	720.721.284-47
ID_000000459	VALENTIM MOREIRA	GEDALHA MENDES MOREIRA	09-11-1978	M	855.850.448-26
ID_000000460	DEISIVANE ESCOBAR NOVAES SAMPAIO	WANDECLEIA MORAES DIAS NOVAES	13-11-1984	F	440.262.143-70
ID_000000461	KELLIANE ESMENIA GALVAO ORNELAS GOULART	NISSEIA FERREIRA GALVAO	02-03-1904	F	577.228.267-09
ID_000000462	JANECLEA ELIANEIDE VIEIRA SILVA CORTE REAL	ADIR AGOSTINHO VIEIRA	21-01-2009	F	366.341.344-64
ID_000000463	LAURIVANIA CAETANO DA PAZ DA CUNHA	DORIS CAMPOS RESENDE DA PAZ	10-09-1947	F	381.298.256-00
ID_000000464	OCILANE TAVEIRA HILARIO	DAURIANE FERRARI DA COSTA TAVEIRA	15-01-1902	F	915.074.868-80
ID_000000465	GEVASIO RAMOS FRUTUOSO GIL	RISONILDA FURTADO ZANETTE FRUTUOSO	22-05-1991	M	813.999.030-20
ID_000000466	ELANILDE ERICKI DA COSTA ALVES VIDAL	SIRLENE LEIRIA DA COSTA	07-02-2011	F	336.340.367-45
ID_000000467	ANELLA FARIAS	ZIZETE BARBOSA FARIAS	15-12-1925	F	130.514.506-26
ID_000000468	UEUDES SOUSA GODINHO CURADO	ROSIKELLY MARTINS MENDES GODINHO	11-11-1959	M	374.528.817-37
ID_000000469	EUCLIS BARRETO PARIS	ADEMILCE SALES DORNELES BARRETO	22-11-1936	M	751.310.028-42
ID_000000470	IDEVANDO ALVES MACHADO FREITAS	CREUDINEIA INFANTE PINTO MACHADO	23-12-1904	M	687.670.122-05
ID_000000471	ADVANILDO BARROS	RUTIELI MAIA BARROS	14-09-1962	M	558.103.503-21
ID_000000472	REGIO MARTINS FREITAS BARROS	NOESIA NASCIMENTO DA CUNHA FREITAS	28-10-1929	M	430.241.379-47
ID_000000473	GENETRIZ BEBIANA CAMPOS PARAISO AGUIAR	JAIMA FERNANDES CAMPOS	03-12-1908	F	030.678.344-45
ID_000000474	BERNABE DA PAZ	OTILHA ALMEIDA DA PAZ	23-02-2008	F	692.202.558-04
ID_000000475	LAUZI JORDAO AMORIM	DENISIA MODESTO PIMENTA JORDAO	03-05-2015	F	178.094.132-36
ID_000000476	GISSELIA VASQUES HIPOLITO FRUTUOSO	SUETE LOPES MACIEL HIPOLITO	25-05-1900	F	969.733.298-37
ID_000000477	JOACIR JARLAN NASCIMENTO GUTERRES SALGUEIRO	GEISSIMARA FOGACA NASCIMENTO	26-05-1919	M	108.990.483-58
ID_000000478	JOSSELINO MOREIRA FOGACA	ORACIDIA SOUSA VIEIRA MOREIRA	05-07-1964	M	079.770.941-00
ID_000000479	RAELLY MAGALHAES MENEZES	KATHELLEN SUBTIL MORAIS MAGALHAES	14-03-1938	F	167.288.515-93
ID_000000480	VALMITO FRANCIMILTON PADILHA SOUZA CAETANO	EMANUELI CONCEICAO PADILHA	21-08-1933	M	710.091.519-83
ID_000000481	ELIEUDES MENDES	LUCINELZA VASCONCELOS MENDES	08-10-1930	M	849.354.432-94
ID_000000482	IDICLEIA MACIEL	ELOIRDES SOUZA MACIEL	20-12-2006	F	380.766.566-80
ID_000000483	VALSIRIA RAMINE MENEZES FOGACA CARVALHO	FRANCELITA LIMA MENEZES	09-09-1982	F	995.343.462-09
ID_000000484	CEDIR GOULART	RUBENE CORTE REAL GOULART	08-11-2006	F	713.820.680-18
ID_000000485	RONEIDSON FLORISBAL SOUSA XAVIER BARBOSA	EZANILDE TRINDADE SOUSA	17-01-1950	M	555.701.853-05
ID_000000486	NIRZA DA ROCHA SOUSA	FLORICELIA CAMACHO MARQUES DA ROCHA	08-03-1912	F	470.067.093-26
ID_000000487	ARCEL BEIRAMAR FOGACA	JARLANE DA CUNHA DA COSTA BEIRAMAR	24-04-1988	M	150.442.152-36
ID_000000488	BABY SILVEIRA BOTELHO	TACIMARA SAMPAIO FERRARI SILVEIRA	15-02-1934	F	795.837.180-25
ID_000000489	UARA GOUVEIA DAS NEVES FOGACA	DENORA BOAVENTURA CAETANO DAS NEVES	10-08-1918	F	593.851.780-08
ID_000000490	ANDERLISE LOURENCIO GODINHO ZAGALO TORRES	MILCEIA TELES GODINHO	06-07-1987	F	860.454.549-28
ID_000000491	EUCIVALDO SILVA	MIVIA PORTELA SILVA	23-03-1924	M	745.176.921-67
ID_000000492	LAUDSON CASTRO	GENALVA FERRARI CASTRO	24-08-2014	M	866.684.016-19
ID_000000493	JOSHUAN CONCEICAO COSTA	IVANORA MARINHO MOREIRA CONCEICAO	18-05-1962	M	036.237.480-56
ID_000000494	LEODINEIA SALES	DJAMILE VELOSO SALES	07-11-1960	F	110.325.169-41
ID_000000495	ORION PINTO GOIS FIGUEIREDO	FRANCILANE MARINHO MONTEIRO GOIS	08-10-1989	M	234.053.053-90
ID_000000496	ANACILDA XAVIER ALMADA DA CONCEICAO	ANGELMA PEIXOTO MESQUITA ALMADA	23-03-1911	F	710.829.783-37
ID_000000497	GILDEANE ALVES	JOSENEIDE VIEIRA ALVES	15-06-1987	F	664.962.701-12
ID_000000498	ADENUZIA MONTEIRO MELLO	ROSEVALDA VARELA SANTANA MONTEIRO	26-12-1998	F	483.552.327-04
ID_000000499	DARIANO NASCIMENTO	KERLIANA SILVA NASCIMENTO	11-03-1960	M	356.188.000-20
ID_000000500	HERACLES BAPTISTA ALVES	CLARILENE NUNES ALEGRIA BAPTISTA	11-04-1962	M	270.958.223-60
ID_000000501	RIMARIO DUARTE	GRASCIELE FERRARI DUARTE	15-12-1911	M	379.000.927-06
ID_000000502	AURISTENIO AUXILENE FERNANDES SOUZA GOMES	ANTONIZETE CASTRO FERNANDES	27-06-1975	M	380.840.047-19
ID_000000503	MARINEUDO ONIRIA SILVA RIBEIRO LOPES	MACIELE ARAGAO SILVA	16-06-1958	M	679.899.516-06
ID_000000504	DARLINI ASSUNCAO	AISIANE TORRES ASSUNCAO	20-03-2000	F	802.811.794-50
ID_000000505	EMERSIN MOURA BONFIM	JESSELIA HILARIO SILVA MOURA	12-01-1991	M	633.134.118-86
ID_000000506	BENIGNO GONZAGA	YOHANA PILAR GONZAGA	21-11-1943	M	974.394.264-52
ID_000000507	TATIA SANTOS	LOREANA CURADO SANTOS	02-12-1900	F	424.069.513-91
ID_000000508	GREISIELI RESENDE MOREIRA MOREIRA	PAUTILHA GIL DA ROSA MOREIRA	10-05-2005	F	407.099.447-56
ID_000000509	CRISLEN MEDEIROS	DALVENIRA QUARTEIRA MEDEIROS	06-04-1968	F	225.217.969-48
ID_000000510	NEARIA RAMOS	HORRARA MESQUITA RAMOS	09-05-1967	F	512.655.017-93
ID_000000511	KETIMA CARVALHO	TAEME FARIAS CARVALHO	24-04-1909	F	238.237.266-41
ID_000000512	DARLA TELES RESENDE	CLAUDELANIA SILVA MORAES TELES	24-04-1934	F	761.587.142-59
ID_000000513	IDENIR FERRARI	ERCILANE SOUZA FERRARI	17-12-1915	F	790.681.378-24
ID_000000514	OLINDINA CLEIANE NOVAIS SALAZAR SILVA	ELOCI MENEZES NOVAIS	27-12-1982	F	649.989.162-20
ID_000000515	VARLA CARVALHO BELCHIOR DOS REIS	FELICINA MARQUES RAMIRES BELCHIOR	04-05-1939	F	426.570.447-60
ID_000000516	ADEJALMO VELOSO VELOSO	GILSIANA VASCONCELOS COUTINHO VELOSO	08-02-2014	M	907.781.480-92
ID_000000517	ILAMAR DOS REIS MACHADO	SUZELAINE GOUVEIA ASSUNCAO DOS REIS	28-10-1930	M	071.943.502-11
ID_000000518	DIOGGO CARDOSO CONCEICAO LESSA	IODETE MOURA JAQUES CONCEICAO	05-12-1993	M	989.749.431-66
ID_000000519	LAUDIENE OSMEIRE AMORIM GERALDES DA MATA	RAIMONE MELO AMORIM	05-07-1961	F	335.671.105-94
ID_000000520	MIKELANGELO TRINDADE	ANTONILZA NOBREGA TRINDADE	08-12-2006	M	616.605.782-21
ID_000000521	MANUZA SOUZA CARDOSO	TAISLENE PINHEIRO SOUZA SOUZA	17-03-1986	F	597.482.649-39
ID_000000522	DHESSICA NOGUEIRA PAIVA	QUEITI MALDONADO ALMEIDA NOGUEIRA	16-03-1933	F	573.226.270-91
ID_000000523	CLECIANI ZANETTE CARDOSO MOURA	VANET LESSA MAIA CARDOSO	22-02-1900	F	713.521.219-30
ID_000000524	LETACIO ALMADA	GILMAURA SALGADO ALMADA	28-12-1994	M	358.191.684-37
ID_000000525	ESTEVINO CAPELO	NETIELE XISCO CAPELO	11-02-1980	M	924.904.642-13
ID_000000526	VICENCIO CALDEIRA SOUZA	ALVALICE GOMES OURIQUE CALDEIRA	09-12-1920	M	439.591.511-60
ID_000000527	SIDRAK VIRGIMAR ALVES SOUSA NOBREGA	ALREA FARIAS ALVES	15-01-1902	M	241.075.164-40
ID_000000528	RAUANDERSON XAVIER	ALDECIANE VILELA XAVIER	10-02-1960	M	608.788.166-23
ID_000000529	CLAUDIOMOR BRIANE CARVALHO CASTRO DA CRUZ	ELISANDREIA CAPELO CARVALHO	08-06-1986	M	576.446.501-05
ID_000000530	ECIONE WLADIMIR LESSA SILVA SOUSA	GRAZIENE CARVALHO LESSA	28-05-1992	F	158.726.404-80
ID_000000531	NILZAN CUNHA ASSUNCAO ESPINOSA	LIVIANA NOBREGA ALMADA ASSUNCAO	14-07-1985	M	588.626.038-27
ID_000000532	ELENIUZA PIMENTA NASCIMENTO	ARACINA PEREIRA SALES PIMENTA	04-03-1922	F	397.922.271-30
ID_000000533	CRISLENA CLEUCIMAR NOBREGA PEREIRA SANCHES	DELUBIA CAVALCANTI NOBREGA	18-06-1916	F	408.052.960-00
ID_000000534	CHARLSTON BARRETO	RIVANICE BARRETO BARRETO	27-02-1936	M	287.225.247-97
ID_000000535	ADEUZUITA BEIRAMAR TEIXEIRA	LORIZETE PORTO SOUZA BEIRAMAR	10-10-2015	F	408.048.414-38
ID_000000536	ADLEN PASTOURA BARROS GONCALVES GENTIL	TASIA VIEIRA BARROS	03-04-1934	M	758.321.566-84
ID_000000537	GECILA GIL DA CUNHA CAPELO	DIEL ALVES ZAGALO DA CUNHA	27-08-1934	F	393.972.743-17
ID_000000538	DIODATO TELES SOUZA	SERGINA PIRES BAPTISTA TELES	15-06-1955	M	405.527.557-96
ID_000000539	JULIETE SOUZA XISCO	RUSSIANE MORAIS GALVAO SOUZA	05-09-1951	F	737.790.429-16
ID_000000540	GILDACI MENDES VILELA PORTELA	EDISLAINE BELCHIOR MOURA VILELA	05-06-1939	F	122.117.302-21
ID_000000541	KILDERE MARTINS GOMES MARTINS	LIDUVINA XAVIER MACIEL GOMES	17-12-1919	M	456.262.391-89
ID_000000542	DORIANO INAUDA BARBOSA FERNANDES GOUVEIA	VERONILCE DA CONCEICAO BARBOSA	11-06-1996	M	001.902.197-69
ID_000000543	EREMILDA FERNANDES DA ROCHA DA CRUZ	MARQUIENE RODRIGUES VILELA DA ROCHA	26-09-2000	F	334.873.237-96
ID_000000544	SETSUKO MALDONADO	GELCIRA MEDEIROS MALDONADO	13-02-1972	F	828.955.580-60
ID_000000545	ARIDA IBRAHIM RAMOS MENDES	KAROLLAYNE FARIAS MORAES RAMOS	13-01-2007	F	572.615.041-49
ID_000000546	KERLA PORTO SOUSA	CLERISMAR JESUS DOS REIS PORTO	25-01-1975	F	324.851.739-58
ID_000000547	EUNIVALDO BARROS SILVA SUBTIL	SINIRA HILARIO OLIVEIRA SILVA	15-09-1955	M	994.063.335-11
ID_000000548	EUNARA BARRETO SIQUEIRA	JONILDA SOUZA FLORES BARRETO	05-04-2005	F	513.736.681-13
ID_000000549	JACINEA DORNELES DOMINGUES	IZANETE SALAZAR CORTE REAL DORNELES	18-07-1923	F	937.883.671-21
ID_000000550	MASSATO ALEGRIA APARICIO GOULART	ORACINA DA CRUZ TEIXEIRA APARICIO	28-04-2005	M	511.182.997-01
ID_000000551	CLEICIMAR FERNANDES CALIXTO	ROSIMAY MARTINS NEVES FERNANDES	14-02-1930	F	256.342.623-56
ID_000000552	EVINALDO SOUZA	NENILDA CARVALHO SOUZA	01-11-1951	M	492.153.443-81
ID_000000553	MITCHELLY PADILHA SALES	VALCENIRA CUNHA DANTAS PADILHA	27-02-2012	F	546.733.936-27
ID_000000554	DINALVA VARELA	LUTECIA VELOSO VARELA	20-05-1999	F	454.840.181-45
ID_000000555	LUCIELTON BARRETO DA CRUZ BAPTISTA	EDICLEA ARAUJO SALES DA CRUZ	03-11-1938	M	879.945.274-00
ID_000000556	FLORDELIS MORGADO MENEZES	BERTILA NOGUEIRA GODINHO MORGADO	12-03-1931	F	260.341.569-71
ID_000000557	FEBRONIO ARAGAO SILVA	NECILENE COUTINHO SALGADO ARAGAO	18-09-1966	M	883.417.690-18
ID_000000558	JUCIMARE NAIDISON PORTO MENEZES MACIEL	VANIRIA FLORES PORTO	07-12-1974	F	503.027.549-54
ID_000000559	TREVOR JOELITO LACERDA GUIMARAES AZAMBUJA	MIRAN MACHADO LACERDA	25-11-1991	M	737.464.261-03
ID_000000560	MARITONIA VARGAS BELCHIOR DORNELES	WANDIR PERALTA SOUZA BELCHIOR	08-10-1961	F	414.553.155-83
ID_000000561	JOSAMIR PEREIRA	GAZIELA DA ROCHA PEREIRA	13-11-1952	M	279.584.679-90
ID_000000562	JUCENIRA CAPELO LESSA MELLO	SHAIENY GODINHO SOUZA LESSA	03-07-1993	F	311.215.336-71
ID_000000563	CLEMARA DRUMOND DAMASIO MARTINS	COROLINA ORNELAS BOTELHO DAMASIO	25-04-1992	F	958.045.627-54
ID_000000564	MARIUSE FELIX MACHADO	ZAIRA SALAZAR FLORES FELIX	21-06-1941	F	985.736.953-74
ID_000000565	DEMOCRITO PIMENTA SOUZA SOUZA	SANDOVANIA SALAZAR CASTRO SOUZA	20-06-1973	M	450.129.620-87
ID_000000566	RENESSA MAIA DA ROSA	JOSSILANE FOGACA ARAUJO MAIA	06-12-1959	F	573.777.097-40
ID_000000567	LUCENE DA PAZ DA CUNHA HIPOLITO	ACHILA GENTIL APOLINARIO DA CUNHA	26-03-1966	F	780.476.234-86
ID_000000568	ODEIA MARQUES	CLARIBEL ALBUQUERQUE MARQUES	18-12-1970	F	279.338.202-71
ID_000000569	RENZZO ROCHA FIGUEIROA CAETANO	BRENDER MARTINS MALDONADO FIGUEIROA	17-01-1903	M	923.722.847-38
ID_000000570	GEMINIANO BOAVENTURA SOUSA BARROS	CHARLIENE PEIXOTO ESCOBAR SOUSA	17-12-1933	M	076.975.959-90
ID_000000571	JESSIKELY SALES	EUNILDA COUTINHO SALES	19-06-1934	M	967.980.587-52
ID_000000572	VALCIRLEI SILVA	DANUSA CAPELO SILVA	04-06-1965	M	837.394.291-27
ID_000000573	CLODOIR RAIKELE TEIXEIRA ALBUQUERQUE MORAIS	GILTANIA JESUS TEIXEIRA	21-05-2001	M	626.057.380-43
ID_000000574	DELFIM SIQUEIRA APOLINARIO REZENDE	ERENIA FIGUEIREDO LESSA APOLINARIO	20-12-2009	M	075.874.934-17
ID_000000575	ROBERLANGE ANDRADE DOS REIS TRINDADE	MARITONIA REBELO NOBREGA DOS REIS	03-08-1912	F	181.260.903-59
ID_000000576	KEBLER PORTELA RIBEIRO	LUCELINA SAMPAIO DA CRUZ PORTELA	01-04-1999	M	165.838.482-28
ID_000000577	OSVANDO KEITIANA VARGAS CUNHA SOUZA	GIRLANDI CHAVES VARGAS	25-11-1958	M	334.491.552-53
ID_000000578	JODEVAN FIGUEIROA MACHADO	IMAIR PACHECO RAMIRES FIGUEIROA	20-03-1997	M	642.089.784-06
ID_000000579	CAIA BRITES CUSTODIO	ALINE MENEZES MELO BRITES	11-01-1971	M	628.982.752-98
ID_000000580	EDIMARQUES FERNANDES	ERISTELA FREITAS FERNANDES	23-11-1995	M	152.701.249-20
ID_000000581	NAZINHA MORAES ALMEIDA	ANAMELIA DORNELES ILHA MORAES	18-02-1918	F	512.874.408-60
ID_000000582	MARCINELIA RAKSON CARVALHO PERALTA FIGUEIREDO	JOVINEIDE GODINHO CARVALHO	01-01-1962	F	459.865.797-98
ID_000000583	JECIARA CASTRO PORTO	MARILEIVA PERALTA NUNES CASTRO	07-05-1907	F	096.393.153-97
ID_000000584	OTACIL FARIAS BRITO AGOSTINHO	ANALUCE RAMOS ROCHA BRITO	12-12-1978	M	456.028.182-35
ID_000000585	RINALIA NOGUEIRA TAVEIRA	VANGLECIA SOARES LACERDA NOGUEIRA	13-07-1922	F	928.148.647-42
ID_000000586	PAULOROBERTO ESTEVES SOUSA	SONILENE SALES GUIMARAES ESTEVES	18-02-1999	M	894.613.230-26
ID_000000587	RIVANDO RAMIRES	KAIONARA TRINDADE RAMIRES	08-12-2017	M	313.854.660-90
ID_000000588	GIUSEPINA LASDILAU DUARTE ESCOBAR SOUZA	CLAUDEANE GONZAGA DUARTE	12-09-1996	F	187.052.743-70
ID_000000589	RUDIMIR SALAZAR GERALDES	MAEVI SAMPAIO DA MATA SALAZAR	23-07-1900	M	786.697.509-45
ID_000000590	VALDEIDES JESUS NOGUEIRA	EUCENIR GONZAGA MENDES JESUS	04-06-1987	F	547.025.790-88
ID_000000591	ARISTEO MACIMIANO BRITES SANCHES BOAVENTURA	JUBERLANIA TEIXEIRA BRITES	22-05-1987	M	053.909.383-13
ID_000000592	VALDESINO FERNANDES	GLEIDA CARDOSO FERNANDES	22-08-1963	M	984.064.899-36
ID_000000593	GERCIO JOSEFINO PEREIRA RESENDE BAPTISTA	ROBERLANE FOGACA PEREIRA	07-01-1959	M	504.717.143-48
ID_000000594	GUIOMAR PEDRINHO DA ROCHA NOGUEIRA TRINDADE	SUEZIA NOGUEIRA DA ROCHA	21-05-2013	F	132.004.828-50
ID_000000595	ZULEIGA ALVES CARDOSO	CLARISIA CALDEIRA FREITAS ALVES	27-12-2019	F	164.278.672-10
ID_000000596	VALDEREDO PORTO CAVALCANTE ALENCASTRO	VERLANI LOPES REZENDE CAVALCANTE	28-07-2013	M	947.103.863-40
ID_000000597	ODIMILSON ALVES	KAOMA DAMASIO ALVES	19-12-2009	M	746.005.785-11
ID_000000598	WOLGRAND TAVEIRA	KAILANE RIBEIRO TAVEIRA	05-07-1985	M	714.066.330-03
ID_000000599	LINDONEIDE IBRAHIM	TUIRA BERNARDES IBRAHIM	06-01-1913	F	899.159.824-29
ID_000000600	RAFIA CUSTODIO RAMOS BERNARDES	MITUE MODESTO SALAZAR RAMOS	20-01-1938	F	441.088.692-49
ID_000000601	AGLEIDSON BEIRAMAR SILVA	MEGG MEIRELES IBRAHIM BEIRAMAR	28-05-2005	M	652.912.450-00
ID_000000602	RIONETE SOUZA DINIS XISCO	CLAIRA LESSA DA CUNHA DINIS	17-01-1949	F	949.240.665-91
ID_000000603	FABINEIDE DA CUNHA SOUZA MARTINS	ELIELZE GUTERRES NOGUEIRA SOUZA	20-02-1960	F	236.867.357-17
ID_000000604	NANACHARA NUNES	CEDIR SOUZA NUNES	01-11-1983	F	168.197.818-06
ID_000000605	ROMELIA ILHA DA ROSA	NIONE GOUVEIA SANTANA ILHA	01-11-1942	F	833.983.528-98
ID_000000606	JOSILEUDE TASSIUS MORAES GOMES CURADO	MARIVAINE GUIMARAES MORAES	07-05-1973	F	852.707.146-04
ID_000000607	DORALICIA MONTEIRO	MARCINEIDE SANTANA MONTEIRO	28-02-1911	F	039.552.318-44
ID_000000608	JOIR GENTIL	JADETE SILVA GENTIL	09-11-1983	M	791.497.915-59
ID_000000609	NATTASHA JURANILDO LEIRIA SUBTIL VILELA	CLAISSA ALMEIDA LEIRIA	28-12-1974	F	725.350.238-81
ID_000000610	ZILDENICE FERNANDES SALES	LIBERTINA VIANA JESUS FERNANDES	16-06-1998	F	598.161.035-24
ID_000000611	SHERLEY CUNHA MESQUITA ZAGALO	SABRIELE GUTERRES CALDEIRA MESQUITA	11-04-2017	F	860.081.255-09
ID_000000612	ROSENELE CORTES APOLINARIO PARIS	WANDRESSA CASTRO NASCIMENTO APOLINARIO	18-01-1950	F	753.584.593-24
ID_000000613	IGNALDO ALBUQUERQUE GONCALVES	AGILDA DA CRUZ COUTINHO ALBUQUERQUE	14-11-1941	M	531.462.686-12
ID_000000614	GILFRAN BARRETO ANDRADE EVANGELISTA	JANESSA DA LUZ ANTUNES ANDRADE	28-04-1918	M	051.432.327-24
ID_000000615	UENI MENDES MALDONADO	PASCOALE FARIAS ANDRADE MENDES	10-02-1915	M	977.806.953-01
ID_000000616	CALAZANS VASCONCELOS	IRINITA ILHA VASCONCELOS	06-08-1943	M	819.446.056-57
ID_000000617	ROMILTON GOUVEIA	WALDINETE GOUVEIA GOUVEIA	26-03-1909	M	885.634.938-84
ID_000000618	CARLEANA VANIAS BITTENCOURT ILHA ESCOBAR	LIDERCI SUBTIL BITTENCOURT	06-04-1944	F	139.638.902-40
ID_000000619	ROSECLEA OURIQUE DRUMOND PARIS	CIDEIA SILVA COUTINHO DRUMOND	21-11-2010	F	350.843.591-15
ID_000000620	AUCIVANIA MEDEIROS GOUVEIA	JARIENE DOS REIS DRUMOND MEDEIROS	15-01-1917	F	714.010.348-88
ID_000000621	MARDES MARTINS	MEDLEY PEREIRA MARTINS	13-07-1917	M	219.280.585-31
ID_000000622	DEJANINE GUEDES SOUZA	MIDILENE TEIXEIRA RAMOS GUEDES	20-05-2019	F	869.889.179-93
ID_000000623	ELENARA TAIRLANE GOMES DA MOTA GOMES	ADIVANA HILARIO GOMES	09-11-2005	F	701.681.670-26
ID_000000624	ROSILDO NOVAES DIAS	CASSIRA ZANETTE OLIVEIRA NOVAES	26-06-1906	M	989.512.116-49
ID_000000625	QUELLY CAETANO CASTRO	WAGNA SALAZAR ALVIM CAETANO	05-06-1936	F	241.500.082-56
ID_000000626	JOCIARIA LEIRIA SILVA	NIUCEIA VARELA MOURA LEIRIA	10-03-2018	F	662.255.016-65
ID_000000627	DELICE VIDAL DA LUZ SILVA	ERIEDNA ALEGRIA BOAVENTURA DA LUZ	14-03-1963	F	289.228.908-43
ID_000000628	LORRAINY XIMENES LEIRIA	ENILENE DA CONCEICAO DAMASIO XIMENES	27-09-1919	F	095.502.690-35
ID_000000629	JADIVANIA GERALDES MESQUITA	MARCI NOVAIS SILVA GERALDES	21-12-1933	F	825.000.862-67
ID_000000630	VALDENIZA LIRANA PIMENTA XISCO XISCO	JOCILEIDE CARDOSO PIMENTA	09-12-1991	F	375.332.024-22
ID_000000631	NILTO JACIONE GALVAO CAMPOS FREITAS	MARCE IBRAHIM GALVAO	03-07-1933	M	996.033.623-95
ID_000000632	JOCIETE VASQUES XAVIER	CELESTE PEREIRA PILAR VASQUES	06-02-1960	F	352.679.166-09
ID_000000633	MORIANA EVANGELISTA	ROSALICE SOUSA EVANGELISTA	20-08-2009	F	700.533.329-20
ID_000000634	MAZETE PORTO DA COSTA FERRARI	SHIRLANA MACHADO GERALDES DA COSTA	08-12-2016	F	363.728.288-71
ID_000000635	GILDIVAN ADIVO MONTEIRO DA CRUZ SALGUEIRO	EGNALVA DINIS MONTEIRO	12-08-2001	M	307.102.354-53
ID_000000636	EURADES BAPTISTA ZAGANELLI MENEZES	INGRA ALMADA SILVA ZAGANELLI	20-01-1988	F	791.984.490-87
ID_000000637	ALQUIRIA GIL PIMENTA	PATROCINIA DIAS DAMASIO GIL	27-09-1979	F	488.600.969-79
ID_000000638	NILDENIR GUTERRES SALGUEIRO	MARIQUITA XISCO SOUZA GUTERRES	16-02-1921	M	375.937.092-64
ID_000000639	ONASIS GUTERRES	LUBA BONFIM GUTERRES	10-11-1964	M	707.243.197-78
ID_000000640	SIVA OURIQUE NASCIMENTO	ALMEZINA PINHEIRO MENEZES OURIQUE	22-07-1949	F	508.623.762-97
ID_000000641	DULCIELE BELEM	FRANCIRLETE MONTEIRO BELEM	09-08-1952	F	690.770.830-22
ID_000000642	JARLEIA VASQUES	CONCETA JESUS VASQUES	12-09-1977	F	745.437.946-05
ID_000000643	ERCIVAL DEBRAIL CALDEIRA SANTANA SALES	DACIENE CAPELO CALDEIRA	06-12-1913	M	933.313.732-73
ID_000000644	LEVISON LAMARCK FERNANDES MOREIRA DA ROCHA	NAGILENE MUNIZ FERNANDES	18-08-2013	M	625.564.163-51
ID_000000645	VALDEJAN BITTENCOURT PINHEIRO	FRANCILEILA CUNHA AGOSTINHO BITTENCOURT	19-10-1934	M	917.398.898-78
ID_000000646	ELOINDA RIBEIRO	TASILA SILVA RIBEIRO	02-03-2007	F	305.546.986-09
ID_000000647	EGUINALDO APARICIO CUSTODIO NOGUEIRA	CLETIANE DOMINGUES SOUZA CUSTODIO	17-07-1919	M	741.337.990-20
ID_000000648	EUMIRA ARAGAO	ARLEIA SALES ARAGAO	17-05-1989	F	320.354.724-40
ID_000000649	SEM BOAVENTURA	DONINA ESPINOSA BOAVENTURA	23-11-1939	M	197.587.723-33
ID_000000650	ROSANIA GILNAIDE ALMEIDA CORTE REAL ZAGANELLI	MARLINEIDE CAETANO ALMEIDA	24-06-1974	F	376.698.375-00
ID_000000651	JONARIO ESPINOSA GUTERRES TAVEIRA	REINI CASTRO FELIX GUTERRES	17-08-1937	M	260.699.954-14
ID_000000652	DIOGINI ABDALLA REBELO ALVIM VIEIRA	JANAIRES PADILHA REBELO	17-10-1903	M	974.909.097-75
ID_000000653	JANERSON QUARTEIRA MACHADO MENDES	VAINE FELIX LANCASTRE MACHADO	07-05-1937	M	454.374.281-89
ID_000000654	SINELSON NASCIMENTO	LERICA SALES NASCIMENTO	27-09-1959	M	904.817.601-80
ID_000000655	LECIONE DA ROCHA BEIRAMAR PINHEIRO	EDNAIDE GONCALVES CONCEICAO BEIRAMAR	18-12-2017	F	262.451.326-49
ID_000000656	EDINEI SOUZA	ANANETE DORNELES SOUZA	19-05-1913	F	716.654.655-73
ID_000000657	ESPERDIAO RODRIGUES	ELOETE PADILHA RODRIGUES	16-01-2000	M	508.018.503-12
ID_000000658	TEOTONHO ESPINOSA	JESONILDA MEDEIROS ESPINOSA	06-08-1981	M	988.320.444-20
ID_000000659	ORILDA DUARTE GOMES SANCHES	LIDIELE OLIVEIRA AGOSTINHO GOMES	21-11-1958	F	271.666.106-54
ID_000000660	KADIMA LEIRIA INFANTE	LUCIAMAR FERREIRA SALGADO LEIRIA	01-07-1954	F	070.563.841-37
ID_000000661	OLENTINO CORTES	LUZANIRA ALBUQUERQUE CORTES	17-10-2019	M	003.792.877-57
ID_000000662	EDSANDRO DA CRUZ SILVA FARIAS	NAA NOVAES LESSA SILVA	15-07-1945	M	989.001.545-59
ID_000000663	ELIVANDER FOGACA BARBOSA CAPELO	DACIELMA CHAVES DA PAZ BARBOSA	21-04-1999	M	177.827.086-72
ID_000000664	GEANILTON NOVAIS CURADO MOURA	ANNEMARIE DRUMOND CAMILO CURADO	05-04-1969	M	161.318.339-90
ID_000000665	JURISMAR TINA ESCOBAR MORAES BAPTISTA	JOSIVALDA VARELA ESCOBAR	01-05-1913	M	662.358.173-12
ID_000000666	AUDIENE GIL COSTA CALIXTO	ARINES SILVA ALVIM COSTA	05-06-2019	F	275.489.106-49
ID_000000667	FLORDELIS CUNHA	EDELCIA VIANA CUNHA	11-06-1975	F	384.439.112-63
ID_000000668	EUDOXIO CURADO AGOSTINHO DA ROSA	MARIONETE DANTAS MALDONADO AGOSTINHO	15-08-1958	M	885.743.527-05
ID_000000669	ADELCI MOREIRA CONCEICAO	DONINA MEIRELES ALENCASTRO MOREIRA	10-10-1904	M	565.455.981-80
ID_000000670	CHRISTOS MELLO SILVA BITTENCOURT	IRCA DA LUZ ROCHA SILVA	05-03-1961	M	693.113.638-04
ID_000000671	DELZIRENE MARIMILTON SALES DA CONCEICAO DA CUNHA	GEORGIA ALBUQUERQUE SALES	24-08-1907	F	381.165.995-26
ID_000000672	IRATAN GASTONE MENDES GENTIL SALES	ANERICA APARICIO MENDES	05-10-2019	M	070.483.719-60
ID_000000673	ANAZITA LEIRIA PEIXOTO	ARIETE BRITO DA ROSA LEIRIA	15-08-1917	F	564.739.700-02
ID_000000674	ROSVITA LUZIELE SANTANA CORTES VASCONCELOS	BETSAIDA DA PAZ SANTANA	13-02-1988	F	222.030.509-00
ID_000000675	PERISVALDO LEIRIA PERES	ROSANGELE DOS REIS ESTEVES LEIRIA	14-01-1995	M	066.152.686-04
ID_000000676	AURINA FERNANDES QUEIROZ DA CONCEICAO	LEOVANIA VILELA CORTES QUEIROZ	11-10-1986	F	240.954.499-18
ID_000000677	NILZANGELA FERRARI SOUSA GOMES	ENDIRA ALEGRIA CALIXTO SOUSA	07-04-1989	F	502.876.010-13
ID_000000678	LOROAMA TEIXEIRA NOGUEIRA GONCALVES	ERINEA BRITES TEIXEIRA NOGUEIRA	24-12-1936	F	966.164.415-20
ID_000000679	EUCELINA VASQUES DAVILA NASCIMENTO	CRISTAL ALENCASTRO APOLINARIO DAVILA	09-11-1911	F	659.778.595-97
ID_000000680	CLEVERSO PERALTA	MARCIETE REZENDE PERALTA	04-05-1941	M	812.293.578-82
ID_000000681	QUERUBINO PORTELA CARDOSO VEIGA	PATRICIANE NOGUEIRA FARIAS CARDOSO	03-03-1908	M	666.278.132-03
ID_000000682	ELIEZEL BARRETO	DIRVA ALVES BARRETO	23-03-1976	M	134.185.685-21
ID_000000683	JEFERSON ODARCI MEIRELES SALES MAGALHAES	FRANCIENI RESENDE MEIRELES	08-11-1953	M	363.078.156-04
ID_000000684	EDINAIRA JOSA SOUZA PILAR DANTAS	LUCINARA SOUSA SOUZA	18-12-1989	F	422.115.061-00
ID_000000685	DEUSUITA FOGACA	JOLANGE MENDES FOGACA	25-04-1965	F	889.708.215-70
ID_000000686	ELISSONIA GASPAR	IDINE CAMPOS GASPAR	10-05-2010	F	466.170.649-84
ID_000000687	ORSINA PABLA LESSA FLORES ROCHA	MARINELE QUARTEIRA LESSA	16-03-1943	F	836.245.581-02
ID_000000688	NOBUKO LINDIANE SALGADO MEIRELES RAMOS	VALDIENI LEIRIA SALGADO	12-03-2000	F	907.361.133-47
ID_000000689	KATIURCIA VIANA SILVA VILELA	NONICA GENTIL DA CONCEICAO SILVA	27-06-1986	F	436.921.733-42
ID_000000690	CLAISSA FLORES JORDAO	BERENICE BEIRAMAR SOUSA FLORES	02-10-1910	F	819.489.694-08
ID_000000691	EVERONICA ARAGAO GONZAGA	VALCIDIA ESCOBAR ALMEIDA ARAGAO	24-08-1986	F	639.413.992-09
ID_000000692	ANDREANE NASCIMENTO PARAISO	MARDILENE GODINHO VIANA NASCIMENTO	26-02-1947	F	653.607.183-23
ID_000000693	ZUREIDE RODRIGUES	VANARA SILVA RODRIGUES	03-12-1961	F	691.868.048-04
ID_000000694	JUSCELITO APOLINARIO GASPAR RAMIRES	GERTUDES CORDOBA PEREIRA GASPAR	18-02-1972	M	574.844.101-28
ID_000000695	TAIN VARELA	WANDERLENE ASSIS VARELA	07-12-1976	F	111.891.208-01
ID_000000696	VIVIANIA LIMA RIBEIRO	GERCINEIA RAMOS SOUSA LIMA	16-05-1949	F	708.689.033-29
ID_000000697	LEDJANE LIMA ALMADA DA COSTA	CEBILA MENDES ALVES ALMADA	04-12-1932	F	963.736.323-85
ID_000000698	GILDEANE VIEIRA XIMENES	SASQUIA SILVA OLIVEIRA VIEIRA	16-02-1968	F	736.595.964-93
ID_000000699	AMIN AGOSTINHO SOUSA ALEGRIA	ATALANTA REZENDE PORTELA SOUSA	23-01-2014	M	892.353.313-07
ID_000000700	ELIZABTH DA CONCEICAO FREITAS	LEDERCI BARROS GOMES DA CONCEICAO	25-12-1996	F	139.355.242-00
